INVOICE_LINE_ID,INVOICE_ID,INVOICE_NO,INVOICE_DT,LINE_NO,CUST_CODE,DEPOT_CD,SKU_CODE,HSN_CODE,QTY_CS,QTY_EA,UOM,MRP,UNIT_PRICE,GROSS_AMT,SCHEME_ID,SCHEME_DISC_AMT,CASH_DISC_AMT,GST_RATE_PCT,TAX_AMT,NET_AMT,CREATED_BY,CREATED_TS,LAST_UPD_BY,LAST_UPD_DT,ACTIVE_FLG,DELETE_FLAG
512884104,88512320,BCPL/26/AHM/0034047,24-JAN-2026,1,DIST-W-0233,DEP-AHM-03,SUV-DP-500G,3402,59.933,30.985,KG,99.00,75.74,56818.71,,0.00,0.00,18.00,10227.37,67046.08,BATCH_OMS,24-JAN-2026 03:47:21,BATCH_OMS,24-JAN-2026 09:27:21,Y,N
512884107,88512325,BCPL/26/CHD/0034023,12-APR-2025,1,DIST-N-0142,DEP-CHD-07,CHD-SP-4X100G,3401,35.456,15.815,EA,168.00,116.33,51334.92,,0.00,0.00,18.00,9240.29,60575.21,BATCH_OMS,12-APR-2025 06:10:12,BATCH_OMS,12-APR-2025 11:48:12,Y,N
512884110,88512329,BCPL/26/JAI/0034025,15-FEB-2026,1,DIST-N-0187,DEP-JAI-05,TRG-TEA-250G,0902,38.164,15.485,KG,145.00,113.67,53817.40,,0.00,0.00,5.00,2690.87,56508.27,BATCH_OMS,15-FEB-2026 13:52:59,BATCH_OMS,15-FEB-2026 19:42:59,Y,N
512884111,88512329,BCPL/26/JAI/0034025,15-FEB-2026,2,DIST-N-0187,DEP-JAI-05,CHD-SP-4X100G,3401,76.394,43.899,EA,168.00,117.92,113277.14,,0.00,0.00,12.00,13593.26,126870.40,BATCH_OMS,15-FEB-2026 13:52:59,BATCH_OMS,15-FEB-2026 19:34:59,Y,N
512884115,88512331,BCPL/26/MUM/0034040,14-AUG-2025,1,DIST-W-0241,DEP-MUM-01,KSG-HO-100ML,3305,75.347,15.769,LT,92.00,72.80,66971.12,5540,1674.28,0.00,18.00,11753.43,77050.27,BATCH_OMS,14-AUG-2025 09:23:08,BATCH_OMS,14-AUG-2025 15:09:08,Y,N
512884116,88512331,BCPL/26/MUM/0034040,14-AUG-2025,2,DIST-W-0241,DEP-MUM-01,NMB-DB-190G,3402,60.625,16.507,EA,22.00,17.19,12789.48,,0.00,0.00,18.00,2302.11,15091.59,BATCH_OMS,14-AUG-2025 09:23:08,BATCH_OMS,14-AUG-2025 14:57:08,Y,N
512884119,88512331,BCPL/26/MUM/0034040,14-AUG-2025,3,DIST-W-0241,DEP-MUM-01,TRG-TEA-1KG,0902,57.029,29.904,KG,540.00,376.81,269137.30,,0.00,0.00,5.00,13456.86,282594.16,BATCH_OMS,14-AUG-2025 09:23:08,BATCH_OMS,14-AUG-2025 15:02:08,Y,N
512884121,88512335,BCPL/26/LKO/0034011,10-OCT-2025,1,DIST-N-0187,DEP-LKO-06,SUV-DP-500G,3402,96.283,8.564,KG,99.00,74.61,86843.06,,0.00,0.00,18.00,15631.75,102474.81,BATCH_OMS,10-OCT-2025 04:01:11,BATCH_OMS,10-OCT-2025 09:51:11,Y,N
512884125,88512335,BCPL/26/LKO/0034011,10-OCT-2025,2,DIST-N-0187,DEP-LKO-06,SUV-DP-500G,3402,31.811,28.587,KG,99.00,71.53,29350.12,,0.00,0.00,18.00,5283.02,34633.14,SFA_IFACE,10-OCT-2025 04:01:11,SFA_IFACE,10-OCT-2025 09:45:11,Y,N
512884129,88512338,BCPL/26/JAI/0034040,01-OCT-2025,1,DIST-N-0142,DEP-JAI-05,RKS-HW-200ML,3808,32.411,10.780,LT,99.00,74.20,29658.63,,0.00,0.00,18.00,5338.55,34997.18,BATCH_OMS,01-OCT-2025 06:16:48,BATCH_OMS,01-OCT-2025 12:05:48,Y,N
512884133,88512338,BCPL/26/JAI/0034040,01-OCT-2025,2,DIST-N-0142,DEP-JAI-05,SUV-DP-500G,3402,47.926,3.154,KG,99.00,71.47,41328.67,5501,1239.86,0.00,18.00,7215.99,47304.80,SFA_IFACE,01-OCT-2025 06:16:48,BATCH_OMS,01-OCT-2025 12:02:48,Y,N
512884137,88512341,BCPL/26/HYD/0034017,13-JUL-2025,1,DIST-S-0318,DEP-HYD-10,NMB-DB-190G,3402,71.240,17.812,EA,22.00,17.46,15237.20,,0.00,0.00,18.00,2742.70,17979.90,BATCH_OMS,13-JUL-2025 12:09:48,BATCH_OMS,13-JUL-2025 17:46:48,Y,N
512884141,88512341,BCPL/26/HYD/0034017,13-JUL-2025,2,DIST-S-0318,DEP-HYD-10,SUV-DB-250G,3402,41.106,28.680,EA,32.00,25.20,13153.19,,0.00,0.00,18.00,2367.57,15520.76,SFA_IFACE,13-JUL-2025 12:09:48,SFA_IFACE,13-JUL-2025 17:41:48,Y,N
512884146,88512341,BCPL/26/HYD/0034017,13-JUL-2025,3,DIST-S-0318,DEP-HYD-10,SUV-DP-500G,3402,74.771,3.497,KG,99.00,67.40,60710.48,,0.00,0.00,18.00,10927.89,71638.37,SFA_IFACE,13-JUL-2025 12:09:48,BATCH_OMS,13-JUL-2025 17:41:48,Y,N
512884150,88512346,BCPL/17/BLR/0034014,06-MAY-16,1,DIST-S-0318,DEP-BLR-08,NMB-DB-190G,3402,60.014,4.205,EA,22.00,16.01,11597.21,5533,231.94,0.00,18.00,2045.75,13411.02,APPS,06-MAY-16 05:39:34,APPS,06-MAY-16 11:09:34,Y,
512884153,88512348,BCPL/26/LKO/0034056,15-MAR-2026,1,DIST-N-0142,DEP-LKO-06,TRG-TEA-250G,0902,100.823,29.398,KG,145.00,114.80,142268.66,5522,4979.40,1331.34,5.00,6797.90,142755.82,BATCH_OMS,15-MAR-2026 04:12:49,BATCH_OMS,15-MAR-2026 09:58:49,Y,N
512884154,88512353,BCPL/26/HYD/0034042,24-JUL-2025,1,DIST-S-0318,DEP-HYD-10,SUV-DB-250G,3402,20.508,32.602,EA,32.00,21.84,6086.76,,0.00,0.00,18.00,1095.62,7182.38,BATCH_OMS,24-JUL-2025 05:32:24,BATCH_OMS,24-JUL-2025 11:05:24,Y,N
512884155,88512359,BCPL/26/JAI/0034069,01-DEC-2025,1,DIST-N-0142,DEP-JAI-05,SUV-DB-250G,3402,84.208,32.393,EA,32.00,22.07,23016.56,,0.00,0.00,18.00,4142.98,27159.54,BATCH_OMS,01-DEC-2025 09:21:36,BATCH_OMS,01-DEC-2025 15:02:36,Y,N
512884158,88512359,BCPL/26/JAI/0034069,01-DEC-2025,2,DIST-N-0142,DEP-JAI-05,SUV-DP-1KG,3402,1.319,10.963,KG,185.00,134.45,3602.05,5501,108.06,0.00,18.00,628.92,4122.91,SFA_IFACE,01-DEC-2025 09:21:36,SFA_IFACE,01-DEC-2025 14:56:36,Y,N
512884162,88512363,BCPL/26/JAI/0034095,27-MAY-2025,1,DIST-N-0142,DEP-JAI-05,KSG-HO-100ML,3305,98.593,33.664,LT,92.00,70.01,85186.77,5540,2129.67,0.00,18.00,14950.28,98007.38,BATCH_OMS,27-MAY-2025 11:14:23,BATCH_OMS,27-MAY-2025 16:47:23,Y,N
512884164,88512363,BCPL/26/JAI/0034095,27-MAY-2025,2,DIST-N-0142,DEP-JAI-05,TRG-TEA-250G,0902,61.395,6.690,KG,145.00,110.10,81851.64,,0.00,0.00,5.00,4092.58,85944.22,BATCH_OMS,27-MAY-2025 11:14:23,BATCH_OMS,27-MAY-2025 16:52:23,Y,N
512884168,88512369,BCPL/26/MUM/0034084,27-DEC-2025,1,DIST-W-0241,DEP-MUM-01,CHD-SP-4X100G,3401,115.437,31.030,EA,168.00,137.40,194596.05,,0.00,0.00,12.00,23351.53,217947.58,SFA_IFACE,27-DEC-2025 09:45:21,SFA_IFACE,27-DEC-2025 15:35:21,Y,N
512884171,88512369,BCPL/26/MUM/0034084,27-DEC-2025,2,DIST-W-0241,DEP-MUM-01,CHD-SP-4X100G,3401,72.814,10.234,EA,168.00,126.86,112144.49,,0.00,0.00,12.00,13457.34,125601.83,BATCH_OMS,27-DEC-2025 09:45:21,SFA_IFACE,27-DEC-2025 15:15:21,Y,N
512884175,88512369,BCPL/26/MUM/0034084,27-DEC-2025,3,DIST-W-0241,DEP-MUM-01,RKS-HW-200ML,3808,82.169,21.322,LT,99.00,76.92,77485.36,,0.00,666.86,18.00,13827.33,90645.83,SFA_IFACE,27-DEC-2025 09:45:21,SFA_IFACE,27-DEC-2025 15:30:21,Y,N
512884180,88512374,BCPL/26/GUW/0034010,30-JAN-2026,1,DIST-E-0409,DEP-GUW-12,CHD-SP-4X100G,3401,117.757,30.062,EA,168.00,132.25,190856.06,,0.00,0.00,12.00,22902.73,213758.79,BATCH_OMS,30-JAN-2026 08:14:20,BATCH_OMS,30-JAN-2026 13:58:20,Y,N
512884182,88512374,BCPL/26/GUW/0034010,30-JAN-2026,2,DIST-E-0409,DEP-GUW-12,KSG-HO-100ML,3305,55.719,17.099,LT,92.00,65.01,44579.11,5540,1114.48,0.00,18.00,7823.63,51288.26,BATCH_OMS,30-JAN-2026 08:14:20,BATCH_OMS,30-JAN-2026 13:55:20,Y,N
512884185,88512374,BCPL/26/GUW/0034010,30-JAN-2026,3,DIST-E-0409,DEP-GUW-12,CHD-SP-100G,3401,94.800,11.379,EA,45.00,36.37,41788.37,,0.00,0.00,12.00,5014.60,46802.97,BATCH_OMS,30-JAN-2026 08:14:20,BATCH_OMS,30-JAN-2026 13:54:20,Y,N
512884189,88512379,BCPL/26/CHD/0034043,16-JAN-2026,1,DIST-N-0187,DEP-CHD-07,KSG-HO-100ML,3305,82.378,0.922,LT,92.00,66.54,65838.54,,0.00,0.00,18.00,11850.94,77689.48,BATCH_OMS,16-JAN-2026 04:12:07,BATCH_OMS,16-JAN-2026 09:49:07,Y,N
512884192,88512383,BCPL/17/PUN/0034047,22-DEC-16,1,DIST-W-0233,DEP-PUN-02,SUV-DB-250G,3402,94.546,45.802,EA,32.00,24.43,28836.05,,0.00,0.00,18.00,5190.49,34026.54,APPS,22-DEC-16 08:28:16,APPS,22-DEC-16 13:58:16,Y,
512884195,88512388,BCPL/26/PUN/0034043,20-DEC-2025,1,DIST-W-0233,DEP-PUN-02,SUV-DB-250G,3402,11.294,24.758,EA,32.00,24.47,3922.20,,0.00,0.00,18.00,706.00,4628.20,SFA_IFACE,20-DEC-2025 08:11:56,SFA_IFACE,20-DEC-2025 13:53:56,Y,N
512884199,88512388,BCPL/26/PUN/0034043,20-DEC-2025,2,DIST-W-0233,DEP-PUN-02,SUV-DP-1KG,3402,13.923,38.667,KG,185.00,150.24,30910.83,,0.00,0.00,18.00,5563.95,36474.78,SFA_IFACE,20-DEC-2025 08:11:56,SFA_IFACE,20-DEC-2025 13:53:56,Y,N
512884204,88512389,BCPL/26/PUN/0034063,06-APR-2025,1,DIST-W-0233,DEP-PUN-02,CHD-SP-4X100G,3401,79.378,20.108,EA,168.00,118.20,114966.52,,0.00,798.37,18.00,20550.27,134718.42,BATCH_OMS,06-APR-2025 06:57:06,BATCH_OMS,06-APR-2025 12:39:06,Y,Y
512884207,88512389,BCPL/26/PUN/0034063,06-APR-2025,2,DIST-W-0233,DEP-PUN-02,CHD-SP-100G,3401,59.876,17.230,EA,45.00,33.15,24389.85,,0.00,0.00,18.00,4390.17,28780.02,BATCH_OMS,06-APR-2025 06:57:06,BATCH_OMS,06-APR-2025 12:43:06,Y,N
512884212,88512390,BCPL/26/HYD/0034048,20-MAR-2026,1,DIST-S-0318,DEP-HYD-10,CHD-SP-4X100G,3401,64.195,21.462,EA,168.00,136.62,108175.99,,0.00,0.00,12.00,12981.12,121157.11,BATCH_OMS,20-MAR-2026 13:36:02,BATCH_OMS,20-MAR-2026 19:22:02,Y,N
512884213,88512394,BCPL/26/CHD/0034069,25-SEP-2025,1,DIST-N-0187,DEP-CHD-07,KSG-HO-100ML,3305,74.400,19.015,LT,92.00,73.55,67063.99,,0.00,0.00,18.00,12071.52,79135.51,BATCH_OMS,25-SEP-2025 05:46:58,BATCH_OMS,25-SEP-2025 11:35:58,Y,N
512884218,88512394,BCPL/26/CHD/0034069,25-SEP-2025,2,DIST-N-0187,DEP-CHD-07,CHD-SP-100G,3401,12.245,3.588,EA,45.00,32.61,4908.72,,0.00,0.00,18.00,883.57,5792.29,BATCH_OMS,25-SEP-2025 05:46:58,BATCH_OMS,25-SEP-2025 11:36:58,Y,N
512884219,88512396,BCPL/26/GUW/0034015,04-JAN-2026,1,DIST-E-0409,DEP-GUW-12,KSG-HO-200ML,3305,101.881,45.257,LT,165.00,115.02,145825.69,5540,3645.64,0.00,18.00,25592.41,167772.46,SFA_IFACE,04-JAN-2026 09:32:52,BATCH_OMS,04-JAN-2026 15:02:52,Y,N
512884223,88512396,BCPL/26/GUW/0034015,04-JAN-2026,2,DIST-E-0409,DEP-GUW-12,TRG-TEA-1KG,0902,50.880,7.887,KG,540.00,402.92,249184.67,,0.00,0.00,5.00,12459.23,261643.90,BATCH_OMS,04-JAN-2026 09:32:52,BATCH_OMS,04-JAN-2026 15:04:52,Y,N
512884224,88512396,BCPL/26/GUW/0034015,04-JAN-2026,3,DIST-E-0409,DEP-GUW-12,SUV-DP-500G,3402,43.029,23.925,KG,99.00,78.05,42168.31,,0.00,0.00,18.00,7590.30,49758.61,BATCH_OMS,04-JAN-2026 09:32:52,BATCH_OMS,04-JAN-2026 15:03:52,Y,N
512884226,88512400,BCPL/26/BLR/0034016,10-MAR-2026,1,DIST-S-0318,DEP-BLR-08,SUV-DP-1KG,3402,29.929,18.046,KG,185.00,127.56,48114.87,,0.00,0.00,18.00,8660.68,56775.55,BATCH_OMS,10-MAR-2026 11:00:49,BATCH_OMS,10-MAR-2026 16:43:49,Y,N
512884230,88512400,BCPL/26/BLR/0034016,10-MAR-2026,2,DIST-S-0318,DEP-BLR-08,SUV-DP-500G,3402,51.680,43.371,KG,99.00,69.00,45783.64,,0.00,0.00,18.00,8241.06,54024.70,BATCH_OMS,10-MAR-2026 11:00:49,BATCH_OMS,10-MAR-2026 16:42:49,Y,N
512884235,88512406,BCPL/26/GUW/0034026,03-JAN-2026,1,DIST-E-0417,DEP-GUW-12,TRG-TEA-1KG,0902,47.436,7.658,KG,540.00,425.15,245264.78,,0.00,0.00,5.00,12263.24,257528.02,BATCH_OMS,03-JAN-2026 09:32:17,BATCH_OMS,03-JAN-2026 15:05:17,Y,N
512884240,88512406,BCPL/26/GUW/0034026,03-JAN-2026,2,DIST-E-0417,DEP-GUW-12,SUV-DB-250G,3402,96.225,36.676,EA,32.00,23.18,27616.10,,0.00,0.00,18.00,4970.90,32587.00,BATCH_OMS,03-JAN-2026 09:32:17,BATCH_OMS,03-JAN-2026 15:03:17,Y,N
512884242,88512408,BCPL/26/DEL/0034024,01-JUL-2025,1,DIST-N-0187,DEP-DEL-04,SUV-DB-250G,3402,15.917,6.328,EA,32.00,23.75,4686.64,,0.00,0.00,18.00,843.60,5530.24,BATCH_OMS,01-JUL-2025 14:28:34,BATCH_OMS,01-JUL-2025 20:11:34,Y,N
512884243,88512408,BCPL/26/DEL/0034024,01-JUL-2025,2,DIST-N-0187,DEP-DEL-04,CHD-SP-4X100G,3401,88.017,26.422,EA,168.00,116.71,126353.28,5514,5054.13,0.00,18.00,21833.85,143133.00,BATCH_OMS,01-JUL-2025 14:28:34,BATCH_OMS,01-JUL-2025 20:12:34,Y,N
512884246,88512413,BCPL/26/AHM/0034073,01-AUG-2025,1,DIST-W-0241,DEP-AHM-03,NMB-DB-190G,3402,22.034,1.666,EA,22.00,15.31,4073.59,,0.00,0.00,18.00,733.25,4806.84,BATCH_OMS,01-AUG-2025 09:56:53,BATCH_OMS,01-AUG-2025 15:45:53,Y,N
512884250,88512413,BCPL/26/AHM/0034073,01-AUG-2025,2,DIST-W-0241,DEP-AHM-03,NMB-DB-190G,3402,10.396,29.697,EA,22.00,17.07,2636.44,,0.00,0.00,18.00,474.56,3111.00,BATCH_OMS,01-AUG-2025 09:56:53,BATCH_OMS,01-AUG-2025 15:43:53,Y,N
512884255,88512419,BCPL/26/CHE/0034008,28-FEB-2026,1,DIST-S-0318,DEP-CHE-09,SUV-DP-500G,3402,115.493,15.150,KG,99.00,68.62,96141.15,5501,2884.23,0.00,18.00,16786.25,110043.17,SFA_IFACE,28-FEB-2026 13:03:48,SFA_IFACE,28-FEB-2026 18:46:48,Y,N
512884256,88512421,BCPL/26/GUW/0034053,25-MAY-2025,1,DIST-E-0409,DEP-GUW-12,NMB-DW-500ML,3402,66.987,35.729,LT,129.00,92.68,77811.63,,0.00,0.00,18.00,14006.09,91817.72,BATCH_OMS,25-MAY-2025 03:51:53,BATCH_OMS,25-MAY-2025 09:36:53,Y,N
512884261,88512421,BCPL/26/GUW/0034053,25-MAY-2025,2,DIST-E-0409,DEP-GUW-12,CHD-SP-4X100G,3401,18.174,41.502,EA,168.00,117.89,30603.07,,0.00,0.00,18.00,5508.55,36111.62,BATCH_OMS,25-MAY-2025 03:51:53,BATCH_OMS,25-MAY-2025 09:24:53,Y,N
512884266,88512427,BCPL/26/KOL/0034016,09-FEB-2026,1,DIST-E-0417,DEP-KOL-11,KSG-HO-100ML,3305,25.882,16.792,LT,92.00,67.51,22101.15,,0.00,0.00,18.00,3978.21,26079.36,BATCH_OMS,09-FEB-2026 03:31:35,BATCH_OMS,09-FEB-2026 09:02:35,Y,N
512884271,88512427,BCPL/26/KOL/0034016,09-FEB-2026,2,DIST-E-0417,DEP-KOL-11,RKS-HW-200ML,3808,2.542,10.538,LT,99.00,73.19,3003.86,,0.00,0.00,18.00,540.69,3544.55,BATCH_OMS,09-FEB-2026 03:31:35,BATCH_OMS,09-FEB-2026 09:15:35,Y,N
512884273,88512431,BCPL/26/BLR/0034034,02-OCT-2025,1,DIST-S-0318,DEP-BLR-08,KSG-HO-200ML,3305,66.282,34.022,LT,165.00,120.68,100092.72,,0.00,0.00,18.00,18016.69,118109.41,SFA_IFACE,02-OCT-2025 11:04:53,SFA_IFACE,02-OCT-2025 16:53:53,Y,N
512884274,88512434,BCPL/26/JAI/0034102,02-JUN-2025,1,DIST-N-0142,DEP-JAI-05,CHD-SP-100G,3401,27.450,26.782,EA,45.00,36.78,13100.37,5514,524.01,0.00,18.00,2263.74,14840.10,BATCH_OMS,02-JUN-2025 09:02:19,BATCH_OMS,02-JUN-2025 14:38:19,Y,N
512884276,88512437,BCPL/26/CHE/0034013,05-AUG-2025,1,DIST-S-0318,DEP-CHE-09,RKS-HW-200ML,3808,69.161,8.711,LT,99.00,75.70,63485.28,,0.00,0.00,18.00,11427.35,74912.63,BATCH_OMS,05-AUG-2025 05:01:25,BATCH_OMS,05-AUG-2025 10:34:25,Y,N
512884278,88512438,BCPL/26/DEL/0034068,30-NOV-2025,1,DIST-N-0187,DEP-DEL-04,RKS-HW-200ML,3808,32.804,38.450,LT,99.00,73.10,31586.36,,0.00,0.00,18.00,5685.54,37271.90,BATCH_OMS,30-NOV-2025 04:57:22,BATCH_OMS,30-NOV-2025 10:29:22,Y,N
512884282,88512438,BCPL/26/DEL/0034068,30-NOV-2025,2,DIST-N-0187,DEP-DEL-04,KSG-HO-100ML,3305,101.818,12.696,LT,92.00,62.87,77613.77,,0.00,0.00,18.00,13970.48,91584.25,BATCH_OMS,30-NOV-2025 04:57:22,BATCH_OMS,30-NOV-2025 10:40:22,Y,N
512884284,88512439,BCPL/26/HYD/0034083,25-JUN-2025,1,DIST-S-0352,DEP-HYD-10,NMB-DW-500ML,3402,47.881,34.236,LT,129.00,92.27,56174.71,,0.00,0.00,18.00,10111.45,66286.16,BATCH_OMS,25-JUN-2025 13:21:40,BATCH_OMS,25-JUN-2025 19:07:40,Y,N
512884285,88512439,BCPL/26/HYD/0034083,25-JUN-2025,2,DIST-S-0352,DEP-HYD-10,TRG-TEA-250G,0902,33.704,18.777,KG,145.00,107.80,45623.65,,0.00,0.00,5.00,2281.18,47904.83,SFA_IFACE,25-JUN-2025 13:21:40,SFA_IFACE,25-JUN-2025 18:54:40,Y,N
512884286,88512441,BCPL/26/HYD/0034125,18-MAR-2026,1,DIST-S-0352,DEP-HYD-10,CHD-SP-100G,3401,25.812,13.768,EA,45.00,31.14,10074.16,,0.00,0.00,12.00,1208.90,11283.06,SFA_IFACE,18-MAR-2026 14:07:42,SFA_IFACE,18-MAR-2026 19:44:42,Y,N
512884289,88512441,BCPL/26/HYD/0034125,18-MAR-2026,2,DIST-S-0352,DEP-HYD-10,SUV-DP-1KG,3402,72.974,21.572,KG,185.00,135.17,121282.63,,0.00,0.00,18.00,21830.87,143113.50,BATCH_OMS,18-MAR-2026 14:07:42,BATCH_OMS,18-MAR-2026 19:49:42,Y,Y
512884290,88512443,BCPL/26/JAI/0034126,25-MAY-2025,1,DIST-N-0187,DEP-JAI-05,KSG-HO-100ML,3305,27.880,3.249,LT,92.00,63.35,21400.20,,0.00,0.00,18.00,3852.04,25252.24,BATCH_OMS,25-MAY-2025 09:45:01,BATCH_OMS,25-MAY-2025 15:27:01,Y,N
512884291,88512443,BCPL/26/JAI/0034126,25-MAY-2025,2,DIST-N-0187,DEP-JAI-05,KSG-HO-200ML,3305,70.468,7.766,LT,165.00,116.35,99291.00,,0.00,0.00,18.00,17872.38,117163.38,BATCH_OMS,25-MAY-2025 09:45:01,BATCH_OMS,25-MAY-2025 15:34:01,Y,N
512884292,88512443,BCPL/26/JAI/0034126,25-MAY-2025,3,DIST-N-0187,DEP-JAI-05,SUV-DB-250G,3402,43.128,36.648,EA,32.00,23.11,12807.19,,0.00,0.00,18.00,2305.29,15112.48,BATCH_OMS,25-MAY-2025 09:45:01,BATCH_OMS,25-MAY-2025 15:15:01,Y,N
512884294,88512444,BCPL/26/PUN/0034087,11-SEP-2025,1,DIST-W-0241,DEP-PUN-02,TRG-TEA-1KG,0902,46.257,25.073,KG,540.00,388.69,225501.22,,0.00,0.00,5.00,11275.06,236776.28,BATCH_OMS,11-SEP-2025 09:44:52,BATCH_OMS,11-SEP-2025 15:24:52,Y,N
512884297,88512444,BCPL/26/PUN/0034087,11-SEP-2025,2,DIST-W-0241,DEP-PUN-02,SUV-DP-500G,3402,51.344,18.036,KG,99.00,75.62,47955.48,5501,1438.66,0.00,18.00,8373.03,54889.85,BATCH_OMS,11-SEP-2025 09:44:52,BATCH_OMS,11-SEP-2025 15:26:52,Y,N
512884301,88512444,BCPL/26/PUN/0034087,11-SEP-2025,3,DIST-W-0241,DEP-PUN-02,TRG-TEA-250G,0902,44.431,26.150,KG,145.00,118.21,66117.45,,0.00,0.00,5.00,3305.87,69423.32,BATCH_OMS,11-SEP-2025 09:44:52,BATCH_OMS,11-SEP-2025 15:28:52,Y,N
512884306,88512447,BCPL/26/PUN/0034115,13-DEC-2025,1,DIST-W-0241,DEP-PUN-02,SUV-DP-1KG,3402,18.385,4.608,KG,185.00,151.40,34099.52,,0.00,0.00,18.00,6137.91,40237.43,BATCH_OMS,13-DEC-2025 04:54:36,BATCH_OMS,13-DEC-2025 10:39:36,Y,N
512884307,88512447,BCPL/26/PUN/0034115,13-DEC-2025,2,DIST-W-0241,DEP-PUN-02,RKS-HW-200ML,3808,25.692,35.988,LT,99.00,71.65,24668.52,,0.00,0.00,18.00,4440.33,29108.85,BATCH_OMS,13-DEC-2025 04:54:36,BATCH_OMS,13-DEC-2025 10:44:36,Y,N
512884310,88512452,BCPL/26/GUW/0034081,05-FEB-2026,1,DIST-E-0409,DEP-GUW-12,CHD-SP-4X100G,3401,51.957,42.472,EA,168.00,134.99,89897.40,,0.00,266.77,12.00,10755.68,100386.31,BATCH_OMS,05-FEB-2026 10:36:19,BATCH_OMS,05-FEB-2026 16:19:19,Y,N
512884311,88512452,BCPL/26/GUW/0034081,05-FEB-2026,2,DIST-E-0409,DEP-GUW-12,CHD-SP-100G,3401,16.999,47.291,EA,45.00,33.51,8420.36,,0.00,70.96,12.00,1001.93,9351.33,BATCH_OMS,05-FEB-2026 10:36:19,BATCH_OMS,05-FEB-2026 16:13:19,Y,N
512884312,88512452,BCPL/26/GUW/0034081,05-FEB-2026,3,DIST-E-0409,DEP-GUW-12,NMB-DW-500ML,3402,35.924,35.302,LT,129.00,94.51,44078.52,,0.00,0.00,18.00,7934.13,52012.65,BATCH_OMS,05-FEB-2026 10:36:19,BATCH_OMS,05-FEB-2026 16:22:19,Y,N
512884315,88512456,BCPL/26/KOL/0034022,13-MAY-2025,1,DIST-E-0417,DEP-KOL-11,KSG-HO-200ML,3305,108.614,25.507,LT,165.00,117.62,156302.28,,0.00,0.00,18.00,28134.41,184436.69,SFA_IFACE,13-MAY-2025 13:26:37,SFA_IFACE,13-MAY-2025 18:59:37,Y,N
512884317,88512456,BCPL/26/KOL/0034022,13-MAY-2025,2,DIST-E-0417,DEP-KOL-11,NMB-DB-190G,3402,72.281,26.552,EA,22.00,15.73,14061.42,,0.00,0.00,18.00,2531.06,16592.48,BATCH_OMS,13-MAY-2025 13:26:37,BATCH_OMS,13-MAY-2025 19:00:37,Y,N
512884320,88512461,BCPL/26/CHD/0034106,14-JUN-2025,1,DIST-N-0187,DEP-CHD-07,SUV-DP-1KG,3402,38.513,10.032,KG,185.00,130.16,61459.99,,0.00,0.00,18.00,11062.80,72522.79,BATCH_OMS,14-JUN-2025 13:27:21,BATCH_OMS,14-JUN-2025 19:03:21,Y,N
512884323,88512464,BCPL/26/KOL/0034049,01-SEP-2025,1,DIST-E-0417,DEP-KOL-11,SUV-DP-500G,3402,61.101,17.710,KG,99.00,78.91,59255.26,5501,1777.66,0.00,18.00,10345.97,67823.57,BATCH_OMS,01-SEP-2025 13:59:15,BATCH_OMS,01-SEP-2025 19:41:15,Y,N
512884324,88512464,BCPL/26/KOL/0034049,01-SEP-2025,2,DIST-E-0417,DEP-KOL-11,SUV-DB-250G,3402,110.579,46.934,EA,32.00,25.38,34869.13,5501,1046.07,0.00,18.00,6088.15,39911.21,BATCH_OMS,01-SEP-2025 13:59:15,BATCH_OMS,01-SEP-2025 19:32:15,Y,N
512884326,88512466,BCPL/26/CHE/0034046,19-MAY-2025,1,DIST-S-0318,DEP-CHE-09,SUV-DP-1KG,3402,23.262,39.486,KG,185.00,131.20,41804.26,,0.00,0.00,18.00,7524.77,49329.03,SFA_IFACE,19-MAY-2025 08:14:53,SFA_IFACE,19-MAY-2025 13:44:53,Y,N
512884329,88512466,BCPL/26/CHE/0034046,19-MAY-2025,2,DIST-S-0318,DEP-CHE-09,SUV-DP-1KG,3402,116.955,42.693,KG,185.00,130.89,189286.97,,0.00,0.00,18.00,34071.65,223358.62,BATCH_OMS,19-MAY-2025 08:14:53,BATCH_OMS,19-MAY-2025 14:01:53,Y,N
512884334,88512466,BCPL/26/CHE/0034046,19-MAY-2025,3,DIST-S-0318,DEP-CHE-09,CHD-SP-100G,3401,42.405,32.105,EA,45.00,35.41,19155.57,,0.00,0.00,18.00,3448.00,22603.57,SFA_IFACE,19-MAY-2025 08:14:53,SFA_IFACE,19-MAY-2025 14:01:53,Y,N
512884337,88512468,BCPL/26/CHD/0034118,03-NOV-2025,1,DIST-N-0142,DEP-CHD-07,TRG-TEA-250G,0902,113.446,13.472,KG,145.00,112.59,154791.43,,0.00,0.00,5.00,7739.57,162531.00,BATCH_OMS,03-NOV-2025 06:08:55,BATCH_OMS,03-NOV-2025 11:39:55,Y,N
512884342,88512468,BCPL/26/CHD/0034118,03-NOV-2025,2,DIST-N-0142,DEP-CHD-07,KSG-HO-200ML,3305,30.823,34.688,LT,165.00,133.62,54057.84,,0.00,0.00,18.00,9730.41,63788.25,BATCH_OMS,03-NOV-2025 06:08:55,BATCH_OMS,03-NOV-2025 11:42:55,Y,N
512884346,88512473,BCPL/26/HYD/0034135,14-AUG-2025,1,DIST-S-0318,DEP-HYD-10,SUV-DP-500G,3402,69.761,17.532,KG,99.00,70.75,60467.48,,0.00,0.00,18.00,10884.15,71351.63,BATCH_OMS,14-AUG-2025 09:38:22,BATCH_OMS,14-AUG-2025 15:10:22,Y,N
512884347,88512473,BCPL/26/HYD/0034135,14-AUG-2025,2,DIST-S-0318,DEP-HYD-10,TRG-TEA-1KG,0902,91.972,29.325,KG,540.00,413.58,468581.59,,0.00,3001.67,5.00,23279.00,488858.92,SFA_IFACE,14-AUG-2025 09:38:22,BATCH_OMS,14-AUG-2025 15:10:22,Y,N
512884349,88512478,BCPL/26/CHD/0034123,17-OCT-2025,1,DIST-N-0187,DEP-CHD-07,SUV-DP-1KG,3402,85.808,18.324,KG,185.00,146.18,153199.56,5501,4595.99,1099.63,18.00,26550.71,174054.65,BATCH_OMS,17-OCT-2025 08:07:54,BATCH_OMS,17-OCT-2025 13:56:54,Y,N
512884351,88512478,BCPL/26/CHD/0034123,17-OCT-2025,2,DIST-N-0187,DEP-CHD-07,NMB-DB-190G,3402,5.810,25.487,EA,22.00,15.48,1473.80,,0.00,0.00,18.00,265.28,1739.08,BATCH_OMS,17-OCT-2025 08:07:54,BATCH_OMS,17-OCT-2025 13:49:54,Y,N
512884353,88512479,BCPL/26/KOL/0034060,20-FEB-2026,1,DIST-E-0417,DEP-KOL-11,TRG-TEA-1KG,0902,83.142,2.468,KG,540.00,403.57,403639.41,5522,14127.38,0.00,5.00,19475.60,408987.63,BATCH_OMS,20-FEB-2026 10:21:29,BATCH_OMS,20-FEB-2026 15:52:29,Y,N
512884358,88512481,BCPL/26/PUN/0034131,23-DEC-2025,1,DIST-W-0241,DEP-PUN-02,CHD-SP-4X100G,3401,32.517,21.136,EA,168.00,135.53,55748.91,5514,2229.96,0.00,12.00,6422.27,59941.22,BATCH_OMS,23-DEC-2025 14:17:33,BATCH_OMS,23-DEC-2025 20:00:33,Y,N
512884360,88512486,BCPL/26/JAI/0034173,22-JAN-2026,1,DIST-N-0187,DEP-JAI-05,KSG-HO-100ML,3305,10.272,16.507,LT,92.00,70.28,9823.11,,0.00,0.00,18.00,1768.16,11591.27,BATCH_OMS,22-JAN-2026 05:00:42,BATCH_OMS,22-JAN-2026 10:49:42,Y,N
512884365,88512486,BCPL/26/JAI/0034173,22-JAN-2026,2,DIST-N-0187,DEP-JAI-05,SUV-DP-500G,3402,118.220,31.275,KG,99.00,76.88,111469.47,,0.00,0.00,18.00,20064.50,131533.97,SFA_IFACE,22-JAN-2026 05:00:42,SFA_IFACE,22-JAN-2026 10:34:42,Y,N
512884368,88512487,BCPL/26/PUN/0034169,15-NOV-2025,1,DIST-W-0241,DEP-PUN-02,KSG-HO-100ML,3305,80.303,45.603,LT,92.00,63.15,63733.44,,0.00,0.00,18.00,11472.02,75205.46,BATCH_OMS,15-NOV-2025 05:26:10,BATCH_OMS,15-NOV-2025 11:12:10,Y,N
512884372,88512487,BCPL/26/PUN/0034169,15-NOV-2025,2,DIST-W-0241,DEP-PUN-02,NMB-DB-190G,3402,30.680,34.742,EA,22.00,15.48,6236.92,,0.00,0.00,18.00,1122.65,7359.57,SFA_IFACE,15-NOV-2025 05:26:10,SFA_IFACE,15-NOV-2025 11:12:10,Y,N
512884373,88512492,BCPL/26/LKO/0034101,18-MAR-2026,1,DIST-N-0187,DEP-LKO-06,RKS-HW-200ML,3808,50.855,7.459,LT,99.00,80.83,49930.23,,0.00,0.00,18.00,8987.44,58917.67,BATCH_OMS,18-MAR-2026 04:04:19,BATCH_OMS,18-MAR-2026 09:46:19,Y,N
512884376,88512492,BCPL/26/LKO/0034101,18-MAR-2026,2,DIST-N-0187,DEP-LKO-06,CHD-SP-4X100G,3401,70.830,7.870,EA,168.00,127.44,109321.86,,0.00,0.00,12.00,13118.62,122440.48,BATCH_OMS,18-MAR-2026 04:04:19,BATCH_OMS,18-MAR-2026 09:51:19,Y,N
512884378,88512492,BCPL/26/LKO/0034101,18-MAR-2026,3,DIST-N-0187,DEP-LKO-06,SUV-DP-1KG,3402,73.985,35.507,KG,185.00,125.94,116283.80,5501,3488.51,0.00,18.00,20303.15,133098.44,BATCH_OMS,18-MAR-2026 04:04:19,BATCH_OMS,18-MAR-2026 09:42:19,Y,N
512884381,88512494,BCPL/26/KOL/0034099,27-DEC-2025,1,DIST-E-0409,DEP-KOL-11,SUV-DB-250G,3402,17.311,11.177,EA,32.00,22.50,4925.45,5501,147.76,0.00,18.00,859.98,5637.67,BATCH_OMS,27-DEC-2025 09:32:17,BATCH_OMS,27-DEC-2025 15:13:17,Y,N
512884386,88512494,BCPL/26/KOL/0034099,27-DEC-2025,2,DIST-E-0409,DEP-KOL-11,CHD-SP-100G,3401,77.537,20.548,EA,45.00,31.15,29623.40,5514,1184.94,0.00,12.00,3412.62,31851.08,BATCH_OMS,27-DEC-2025 09:32:17,BATCH_OMS,27-DEC-2025 15:09:17,Y,N
512884390,88512494,BCPL/26/KOL/0034099,27-DEC-2025,3,DIST-E-0409,DEP-KOL-11,TRG-TEA-1KG,0902,31.433,4.200,KG,540.00,410.86,156700.36,,0.00,0.00,5.00,7835.02,164535.38,BATCH_OMS,27-DEC-2025 09:32:17,BATCH_OMS,27-DEC-2025 15:17:17,Y,N
512884395,88512500,BCPL/26/AHM/0034081,16-OCT-2025,1,DIST-W-0241,DEP-AHM-03,CHD-SP-100G,3401,111.052,18.149,EA,45.00,32.09,43346.31,,0.00,0.00,12.00,5201.56,48547.87,BATCH_OMS,16-OCT-2025 06:23:27,BATCH_OMS,16-OCT-2025 11:53:27,Y,N
512884396,88512500,BCPL/26/AHM/0034081,16-OCT-2025,2,DIST-W-0241,DEP-AHM-03,SUV-DP-500G,3402,4.106,4.219,KG,99.00,68.32,3654.51,,0.00,0.00,18.00,657.81,4312.32,SFA_IFACE,16-OCT-2025 06:23:27,SFA_IFACE,16-OCT-2025 12:04:27,Y,N
512884399,88512501,BCPL/26/LKO/0034121,04-JUN-2025,1,DIST-N-0142,DEP-LKO-06,KSG-HO-200ML,3305,59.932,19.461,LT,165.00,130.56,96437.49,,0.00,0.00,18.00,17358.75,113796.24,BATCH_OMS,04-JUN-2025 07:52:58,BATCH_OMS,04-JUN-2025 13:26:58,Y,N
512884400,88512501,BCPL/26/LKO/0034121,04-JUN-2025,2,DIST-N-0142,DEP-LKO-06,SUV-DP-500G,3402,76.047,42.850,KG,99.00,80.91,77302.55,,0.00,0.00,18.00,13914.46,91217.01,BATCH_OMS,04-JUN-2025 07:52:58,BATCH_OMS,04-JUN-2025 13:42:58,Y,N
512884404,88512502,BCPL/26/JAI/0034211,14-AUG-2025,1,DIST-N-0187,DEP-JAI-05,KSG-HO-200ML,3305,71.566,2.931,LT,165.00,122.86,105871.29,5540,2646.78,0.00,18.00,18580.41,121804.92,BATCH_OMS,14-AUG-2025 06:48:50,BATCH_OMS,14-AUG-2025 12:32:50,Y,N
512884407,88512503,BCPL/26/PUN/0034198,12-SEP-2025,1,DIST-W-0233,DEP-PUN-02,TRG-TEA-1KG,0902,92.157,15.367,KG,540.00,395.06,442961.42,,0.00,0.00,5.00,22148.07,465109.49,BATCH_OMS,12-SEP-2025 09:04:46,BATCH_OMS,12-SEP-2025 14:39:46,Y,N
512884408,88512503,BCPL/26/PUN/0034198,12-SEP-2025,2,DIST-W-0233,DEP-PUN-02,CHD-SP-100G,3401,100.444,21.795,EA,45.00,32.47,39844.68,5514,1593.79,0.00,18.00,6885.16,45136.05,SFA_IFACE,12-SEP-2025 09:04:46,SFA_IFACE,12-SEP-2025 14:42:46,Y,N
512884412,88512503,BCPL/26/PUN/0034198,12-SEP-2025,3,DIST-W-0233,DEP-PUN-02,SUV-DB-250G,3402,118.411,13.175,EA,32.00,24.79,35551.51,,0.00,0.00,18.00,6399.27,41950.78,SFA_IFACE,12-SEP-2025 09:04:46,SFA_IFACE,12-SEP-2025 14:37:46,Y,N
512884416,88512507,BCPL/26/HYD/0034158,26-JUN-2025,1,DIST-S-0352,DEP-HYD-10,KSG-HO-200ML,3305,86.182,9.573,LT,165.00,134.33,140207.88,5540,3505.20,0.00,18.00,24606.48,161309.16,BATCH_OMS,26-JUN-2025 06:07:59,BATCH_OMS,26-JUN-2025 11:38:59,Y,N
512884417,88512507,BCPL/26/HYD/0034158,26-JUN-2025,2,DIST-S-0352,DEP-HYD-10,CHD-SP-4X100G,3401,15.643,38.027,EA,168.00,136.15,30734.91,,0.00,0.00,18.00,5532.28,36267.19,SFA_IFACE,26-JUN-2025 06:07:59,SFA_IFACE,26-JUN-2025 11:37:59,Y,N
512884422,88512513,BCPL/26/JAI/0034222,28-AUG-2025,1,DIST-N-0187,DEP-JAI-05,KSG-HO-200ML,3305,33.481,45.395,LT,165.00,118.81,53127.91,5540,1328.20,0.00,18.00,9323.95,61123.66,BATCH_OMS,28-AUG-2025 05:15:07,BATCH_OMS,28-AUG-2025 10:57:07,Y,N
512884423,88512519,BCPL/26/GUW/0034104,23-FEB-2026,1,DIST-E-0417,DEP-GUW-12,KSG-HO-200ML,3305,75.714,17.548,LT,165.00,117.69,108994.59,,0.00,0.00,18.00,19619.03,128613.62,BATCH_OMS,23-FEB-2026 13:16:11,BATCH_OMS,23-FEB-2026 18:49:11,Y,N
512884426,88512521,BCPL/26/KOL/0034129,02-JAN-2026,1,DIST-E-0417,DEP-KOL-11,NMB-DB-190G,3402,60.066,43.943,EA,22.00,17.00,13000.50,,0.00,0.00,18.00,2340.09,15340.59,BATCH_OMS,02-JAN-2026 08:52:09,BATCH_OMS,02-JAN-2026 14:22:09,Y,N
512884431,88512521,BCPL/26/KOL/0034129,02-JAN-2026,2,DIST-E-0417,DEP-KOL-11,TRG-TEA-1KG,0902,81.155,3.442,KG,540.00,401.82,392699.49,5522,13744.48,0.00,5.00,18947.75,397902.76,SFA_IFACE,02-JAN-2026 08:52:09,SFA_IFACE,02-JAN-2026 14:22:09,Y,N
512884436,88512523,BCPL/26/CHD/0034142,24-AUG-2025,1,DIST-N-0142,DEP-CHD-07,KSG-HO-100ML,3305,102.700,7.643,LT,92.00,70.00,86803.01,,0.00,0.00,18.00,15624.54,102427.55,BATCH_OMS,24-AUG-2025 04:37:28,BATCH_OMS,24-AUG-2025 10:18:28,Y,N
512884437,88512528,BCPL/26/MUM/0034108,06-MAR-2026,1,DIST-W-0233,DEP-MUM-01,TRG-TEA-250G,0902,84.093,15.273,KG,145.00,109.50,112170.60,5522,3925.97,0.00,5.00,5412.23,113656.86,SFA_IFACE,06-MAR-2026 11:22:15,SFA_IFACE,06-MAR-2026 16:59:15,Y,N
512884442,88512528,BCPL/26/MUM/0034108,06-MAR-2026,2,DIST-W-0233,DEP-MUM-01,TRG-TEA-1KG,0902,116.076,44.183,KG,540.00,377.91,543092.57,5522,19008.24,0.00,5.00,26204.22,550288.55,BATCH_OMS,06-MAR-2026 11:22:15,BATCH_OMS,06-MAR-2026 17:10:15,Y,N
512884447,88512530,BCPL/26/PUN/0034202,25-MAY-2025,1,DIST-W-0241,DEP-PUN-02,SUV-DP-1KG,3402,4.993,14.843,KG,185.00,150.43,11246.00,,0.00,0.00,18.00,2024.28,13270.28,BATCH_OMS,25-MAY-2025 12:29:13,BATCH_OMS,25-MAY-2025 18:12:13,Y,N
512884451,88512530,BCPL/26/PUN/0034202,25-MAY-2025,2,DIST-W-0241,DEP-PUN-02,KSG-HO-200ML,3305,-50.337,3.481,LT,165.00,114.11,69324.68,5540,1733.12,0.00,18.00,12166.48,79758.04,BATCH_OMS,25-MAY-2025 12:29:13,BATCH_OMS,25-MAY-2025 18:16:13,Y,N
512884455,88512531,BCPL/26/AHM/0034118,13-FEB-2026,1,DIST-W-0233,DEP-AHM-03,NMB-DW-500ML,3402,24.839,5.045,LT,129.00,90.40,27401.42,,0.00,0.00,18.00,4932.26,32333.68,BATCH_OMS,13-FEB-2026 05:58:10,BATCH_OMS,13-FEB-2026 11:36:10,Y,N
512884457,88512537,BCPL/26/KOL/0034157,06-AUG-2025,1,DIST-E-0409,DEP-KOL-11,CHD-SP-100G,3401,7.463,47.909,EA,45.00,31.48,4327.40,5514,173.10,0.00,18.00,747.77,4902.07,BATCH_OMS,06-AUG-2025 11:19:42,BATCH_OMS,06-AUG-2025 17:03:42,Y,N
512884459,88512540,BCPL/26/AHM/0034160,03-APR-2025,1,DIST-W-0233,DEP-AHM-03,TRG-TEA-250G,0902,50.454,18.870,KG,145.00,118.10,73731.96,,0.00,0.00,5.00,3686.60,77418.56,SFA_IFACE,03-APR-2025 11:35:25,BATCH_OMS,03-APR-2025 17:25:25,Y,N
512884460,88512540,BCPL/26/AHM/0034160,03-APR-2025,2,DIST-W-0233,DEP-AHM-03,KSG-HO-200ML,3305,63.455,36.157,LT,165.00,125.94,100451.88,,0.00,0.00,18.00,18081.34,118533.22,BATCH_OMS,03-APR-2025 11:35:25,SFA_IFACE,03-APR-2025 17:24:25,Y,N
512884463,88512540,BCPL/26/AHM/0034160,03-APR-2025,3,DIST-W-0233,DEP-AHM-03,NMB-DW-500ML,3402,19.027,10.020,LT,129.00,101.72,24244.35,,0.00,81.46,18.00,4349.32,28512.21,BATCH_OMS,03-APR-2025 11:35:25,BATCH_OMS,03-APR-2025 17:23:25,Y,N
512884466,88512541,BCPL/26/HYD/0034179,10-JUL-2025,1,DIST-S-0352,DEP-HYD-10,KSG-HO-200ML,3305,84.819,39.867,LT,165.00,112.23,118705.11,,0.00,0.00,18.00,21366.92,140072.03,BATCH_OMS,10-JUL-2025 13:43:49,BATCH_OMS,10-JUL-2025 19:30:49,Y,N
512884467,88512541,BCPL/26/HYD/0034179,10-JUL-2025,2,DIST-S-0352,DEP-HYD-10,NMB-DB-190G,3402,39.331,2.034,EA,22.00,16.09,7626.76,,0.00,0.00,18.00,1372.82,8999.58,BATCH_OMS,10-JUL-2025 13:43:49,BATCH_OMS,10-JUL-2025 19:31:49,Y,N
512884468,88512542,BCPL/26/GUW/0034139,05-APR-2025,1,DIST-E-0409,DEP-GUW-12,SUV-DP-1KG,3402,73.913,15.642,KG,185.00,139.57,125975.60,,0.00,0.00,18.00,22675.61,148651.21,BATCH_OMS,05-APR-2025 10:25:38,BATCH_OMS,05-APR-2025 15:56:38,Y,N
512884472,88512542,BCPL/26/GUW/0034139,05-APR-2025,2,DIST-E-0409,DEP-GUW-12,SUV-DB-250G,3402,108.164,12.784,EA,32.00,25.91,33961.58,5501,1018.85,0.00,18.00,5929.69,38872.42,BATCH_OMS,05-APR-2025 10:25:38,BATCH_OMS,05-APR-2025 16:15:38,Y,N
512884476,88512545,BCPL/26/HYD/0034215,23-FEB-2026,1,DIST-S-0318,DEP-HYD-10,KSG-HO-200ML,3305,20.048,5.728,LT,165.00,135.25,33312.62,5540,832.82,106.39,18.00,5827.21,38200.62,BATCH_OMS,23-FEB-2026 08:04:49,BATCH_OMS,23-FEB-2026 13:48:49,Y,N
512884478,88512545,BCPL/26/HYD/0034215,23-FEB-2026,2,DIST-S-0318,DEP-HYD-10,KSG-HO-200ML,3305,26.091,5.063,LT,165.00,122.71,39040.80,5540,976.02,0.00,18.00,6851.66,44916.44,BATCH_OMS,23-FEB-2026 08:04:49,BATCH_OMS,23-FEB-2026 13:37:49,Y,N
512884479,88512548,BCPL/26/HYD/0034221,21-SEP-2025,1,DIST-S-0352,DEP-HYD-10,SUV-DB-250G,3402,99.416,42.170,EA,32.00,25.13,31039.62,5501,931.19,0.00,18.00,5419.52,35527.95,BATCH_OMS,21-SEP-2025 13:21:43,BATCH_OMS,21-SEP-2025 18:53:43,Y,N
512884483,88512552,BCPL/26/AHM/0034178,19-MAR-2026,1,DIST-W-0233,DEP-AHM-03,SUV-DB-250G,3402,95.131,16.867,EA,32.00,23.41,27119.06,5501,813.57,116.52,18.00,4714.01,30902.98,BATCH_OMS,19-MAR-2026 12:46:23,BATCH_OMS,19-MAR-2026 18:23:23,Y,N
512884487,88512552,BCPL/26/AHM/0034178,19-MAR-2026,2,DIST-W-0233,DEP-AHM-03,SUV-DB-250G,3402,55.617,28.573,EA,32.00,25.98,18081.48,,0.00,0.00,18.00,3254.67,21336.15,BATCH_OMS,19-MAR-2026 12:46:23,SFA_IFACE,19-MAR-2026 18:30:23,Y,N
512884491,88512557,BCPL/26/HYD/0034262,07-AUG-2025,1,DIST-S-0318,DEP-HYD-10,SUV-DB-250G,3402,44.368,46.508,EA,32.00,23.45,13575.77,5501,407.27,0.00,18.00,2370.33,15538.83,SFA_IFACE,07-AUG-2025 14:26:55,BATCH_OMS,07-AUG-2025 20:08:55,Y,N
512884492,88512561,BCPL/26/LKO/0034136,10-FEB-2026,1,DIST-N-0187,DEP-LKO-06,KSG-HO-100ML,3305,37.125,20.591,LT,92.00,70.94,33064.50,,0.00,0.00,18.00,5951.61,39016.11,BATCH_OMS,10-FEB-2026 06:07:48,BATCH_OMS,10-FEB-2026 11:38:48,Y,N
512884493,88512561,BCPL/26/LKO/0034136,10-FEB-2026,2,DIST-N-0187,DEP-LKO-06,NMB-DB-190G,3402,117.701,41.564,EA,22.00,15.68,22798.34,,0.00,0.00,18.00,4103.70,26902.04,BATCH_OMS,10-FEB-2026 06:07:48,BATCH_OMS,10-FEB-2026 11:47:48,Y,N
512884495,88512565,BCPL/26/KOL/0034161,17-APR-2025,1,DIST-E-0409,DEP-KOL-11,SUV-DP-1KG,3402,31.947,8.453,KG,185.00,127.02,49768.60,5501,1493.06,455.95,18.00,8607.53,56427.12,BATCH_OMS,17-APR-2025 04:37:51,BATCH_OMS,17-APR-2025 10:13:51,Y,N
512884496,88512565,BCPL/26/KOL/0034161,17-APR-2025,2,DIST-E-0409,DEP-KOL-11,KSG-HO-200ML,3305,66.031,34.480,LT,165.00,130.09,107565.18,5540,2689.13,0.00,18.00,18877.69,123753.74,BATCH_OMS,17-APR-2025 04:37:51,BATCH_OMS,17-APR-2025 10:19:51,Y,N
512884499,88512565,BCPL/26/KOL/0034161,17-APR-2025,3,DIST-E-0409,DEP-KOL-11,KSG-HO-200ML,3305,79.406,27.329,LT,165.00,117.04,114722.73,,0.00,0.00,18.00,20650.09,135372.82,BATCH_OMS,17-APR-2025 04:37:51,BATCH_OMS,17-APR-2025 10:12:51,Y,N
512884503,88512570,BCPL/26/CHE/0034074,23-NOV-2025,1,DIST-S-0318,DEP-CHE-09,SUV-DP-1KG,3402,74.290,15.815,KG,185.00,147.99,134270.59,,0.00,0.00,18.00,24168.71,158439.30,SFA_IFACE,23-NOV-2025 08:35:10,SFA_IFACE,23-NOV-2025 14:22:10,Y,N
512884508,88512570,BCPL/26/CHE/0034074,23-NOV-2025,2,DIST-S-0318,DEP-CHE-09,CHD-SP-4X100G,3401,42.981,46.034,EA,168.00,122.42,68776.29,5514,2751.05,0.00,12.00,7923.03,73948.27,BATCH_OMS,23-NOV-2025 08:35:10,SFA_IFACE,23-NOV-2025 14:07:10,Y,N
512884509,88512572,BCPL/26/LKO/0034156,08-MAY-2025,1,DIST-N-0142,DEP-LKO-06,NMB-DB-190G,3402,13.874,20.662,EA,22.00,18.01,3370.57,,0.00,0.00,18.00,606.70,3977.27,BATCH_OMS,08-MAY-2025 12:22:51,BATCH_OMS,08-MAY-2025 18:12:51,Y,N
512884512,88512572,BCPL/26/LKO/0034156,08-MAY-2025,2,DIST-N-0142,DEP-LKO-06,CHD-SP-100G,3401,83.280,22.072,EA,45.00,31.21,31878.89,,0.00,0.00,18.00,5738.20,37617.09,SFA_IFACE,08-MAY-2025 12:22:51,SFA_IFACE,08-MAY-2025 18:01:51,Y,N
512884513,88512576,BCPL/26/DEL/0034085,29-MAY-2025,1,DIST-N-0187,DEP-DEL-04,CHD-SP-100G,3401,31.527,6.926,EA,45.00,31.43,12108.41,5514,484.34,0.00,18.00,2092.33,13716.40,BATCH_OMS,29-MAY-2025 06:06:16,BATCH_OMS,29-MAY-2025 11:51:16,Y,N
512884516,88512576,BCPL/26/DEL/0034085,29-MAY-2025,2,DIST-N-0187,DEP-DEL-04,SUV-DP-1KG,3402,67.421,42.054,KG,185.00,131.30,111750.22,,0.00,0.00,18.00,20115.04,131865.26,BATCH_OMS,29-MAY-2025 06:06:16,BATCH_OMS,29-MAY-2025 11:49:16,Y,N
512884520,88512579,BCPL/26/GUW/0034153,12-JUN-2025,1,DIST-E-0417,DEP-GUW-12,RKS-HW-200ML,3808,74.878,24.975,LT,99.00,80.28,74139.46,,0.00,0.00,18.00,13345.10,87484.56,BATCH_OMS,12-JUN-2025 12:25:58,BATCH_OMS,12-JUN-2025 18:08:58,Y,N
512884523,88512585,BCPL/26/AHM/0034194,06-SEP-2025,1,DIST-W-0241,DEP-AHM-03,RKS-HW-200ML,3808,118.428,25.498,LT,99.00,74.81,108222.69,,0.00,0.00,18.00,19480.08,127702.77,BATCH_OMS,06-SEP-2025 06:31:05,BATCH_OMS,06-SEP-2025 12:21:05,Y,Y
512884527,88512585,BCPL/26/AHM/0034194,06-SEP-2025,2,DIST-W-0241,DEP-AHM-03,SUV-DP-500G,3402,114.851,43.433,KG,99.00,73.33,104249.23,,0.00,0.00,18.00,18764.86,123014.09,BATCH_OMS,06-SEP-2025 06:31:05,BATCH_OMS,06-SEP-2025 12:19:05,Y,N
512884531,88512585,BCPL/26/AHM/0034194,06-SEP-2025,3,DIST-W-0241,DEP-AHM-03,NMB-DW-500ML,3402,73.230,1.487,LT,129.00,100.28,88271.17,,0.00,0.00,18.00,15888.81,104159.98,BATCH_OMS,06-SEP-2025 06:31:05,BATCH_OMS,06-SEP-2025 12:07:05,Y,N
512884536,88512591,BCPL/26/LKO/0034162,09-MAY-2025,1,DIST-N-0187,DEP-LKO-06,SUV-DP-500G,3402,49.295,38.715,KG,99.00,79.76,50269.14,,0.00,0.00,18.00,9048.45,59317.59,BATCH_OMS,09-MAY-2025 04:42:26,BATCH_OMS,09-MAY-2025 10:23:26,Y,N
512884540,88512596,BCPL/26/CHE/0034115,26-OCT-2025,1,DIST-S-0318,DEP-CHE-09,CHD-SP-4X100G,3401,69.271,17.097,EA,168.00,128.80,109267.35,,0.00,0.00,12.00,13112.08,122379.43,BATCH_OMS,26-OCT-2025 04:14:17,BATCH_OMS,26-OCT-2025 09:50:17,Y,N
512884543,88512596,BCPL/26/CHE/0034115,26-OCT-2025,2,DIST-S-0318,DEP-CHE-09,SUV-DP-1KG,3402,50.233,35.013,KG,185.00,141.02,89943.83,,0.00,628.16,18.00,16076.82,105392.49,BATCH_OMS,26-OCT-2025 04:14:17,BATCH_OMS,26-OCT-2025 10:01:17,Y,N
512884548,88512601,BCPL/26/CHE/0034122,07-NOV-2025,1,DIST-S-0318,DEP-CHE-09,SUV-DP-500G,3402,46.006,13.656,KG,99.00,70.80,40053.54,,0.00,0.00,18.00,7209.64,47263.18,BATCH_OMS,07-NOV-2025 06:23:32,BATCH_OMS,07-NOV-2025 11:58:32,Y,N
512884550,88512601,BCPL/26/CHE/0034122,07-NOV-2025,2,DIST-S-0318,DEP-CHE-09,CHD-SP-100G,3401,101.660,11.556,EA,45.00,32.23,39690.47,5514,1587.62,0.00,12.00,4572.34,42675.19,BATCH_OMS,07-NOV-2025 06:23:32,BATCH_OMS,07-NOV-2025 12:02:32,Y,N
512884551,88512601,BCPL/26/CHE/0034122,07-NOV-2025,3,DIST-S-0318,DEP-CHE-09,RKS-HW-200ML,3808,102.528,23.781,LT,99.00,75.68,94911.57,,0.00,0.00,18.00,17084.08,111995.65,BATCH_OMS,07-NOV-2025 06:23:32,BATCH_OMS,07-NOV-2025 11:56:32,Y,N
512884555,88512606,BCPL/26/GUW/0034194,30-JAN-2026,1,DIST-E-0417,DEP-GUW-12,SUV-DP-1KG,3402,39.650,20.375,KG,185.00,135.67,67316.06,5501,2019.48,0.00,18.00,11753.38,77049.96,BATCH_OMS,30-JAN-2026 11:59:50,BATCH_OMS,30-JAN-2026 17:41:50,Y,N
512884557,88512606,BCPL/26/GUW/0034194,30-JAN-2026,2,DIST-E-0417,DEP-GUW-12,CHD-SP-4X100G,3401,9.795,1.148,EA,168.00,133.13,15800.93,,0.00,0.00,12.00,1896.11,17697.04,BATCH_OMS,30-JAN-2026 11:59:50,BATCH_OMS,30-JAN-2026 17:46:50,Y,N
512884558,88512606,BCPL/26/GUW/0034194,30-JAN-2026,3,DIST-E-0417,DEP-GUW-12,NMB-DW-500ML,3402,2.547,3.105,LT,129.00,99.84,3361.51,,0.00,0.00,18.00,605.07,3966.58,SFA_IFACE,30-JAN-2026 11:59:50,BATCH_OMS,30-JAN-2026 17:40:50,Y,N
512884562,88512612,BCPL/26/KOL/0034194,22-JUN-2025,1,DIST-E-0417,DEP-KOL-11,RKS-HW-200ML,3808,58.853,7.060,LT,99.00,77.56,55323.24,,0.00,0.00,18.00,9958.18,65281.42,BATCH_OMS,22-JUN-2025 09:46:31,BATCH_OMS,22-JUN-2025 15:36:31,Y,N
512884565,88512615,BCPL/26/CHD/0034149,29-SEP-2025,1,DIST-N-0142,DEP-CHD-07,TRG-TEA-250G,0902,92.263,33.256,KG,145.00,115.76,132014.09,,0.00,0.00,5.00,6600.70,138614.79,BATCH_OMS,29-SEP-2025 03:59:19,BATCH_OMS,29-SEP-2025 09:37:19,Y,N
512884566,88512616,BCPL/26/MUM/0034131,05-JUL-2025,1,DIST-W-0233,DEP-MUM-01,SUV-DB-250G,3402,115.511,19.575,EA,32.00,23.64,33230.91,5501,996.93,0.00,18.00,5802.12,38036.10,BATCH_OMS,05-JUL-2025 03:40:09,BATCH_OMS,05-JUL-2025 09:29:09,Y,N
512884568,88512616,BCPL/26/MUM/0034131,05-JUL-2025,2,DIST-W-0233,DEP-MUM-01,TRG-TEA-1KG,0902,57.419,5.393,KG,540.00,392.66,272671.35,,0.00,0.00,5.00,13633.57,286304.92,SFA_IFACE,05-JUL-2025 03:40:09,BATCH_OMS,05-JUL-2025 09:19:09,Y,N
512884573,88512616,BCPL/26/MUM/0034131,05-JUL-2025,3,DIST-W-0233,DEP-MUM-01,CHD-SP-4X100G,3401,12.160,26.400,EA,168.00,127.09,21900.15,,0.00,0.00,18.00,3942.03,25842.18,SFA_IFACE,05-JUL-2025 03:40:09,SFA_IFACE,05-JUL-2025 09:14:09,Y,N
512884576,88512620,BCPL/26/CHD/0034156,29-MAY-2025,1,DIST-N-0142,DEP-CHD-07,SUV-DP-1KG,3402,17.788,14.530,KG,185.00,129.31,29480.87,,0.00,0.00,18.00,5306.56,34787.43,SFA_IFACE,29-MAY-2025 13:15:59,BATCH_OMS,29-MAY-2025 18:50:59,Y,N
512884580,88512620,BCPL/26/CHD/0034156,29-MAY-2025,2,DIST-N-0142,DEP-CHD-07,NMB-DW-500ML,3402,15.264,15.330,LT,129.00,93.67,18593.31,,0.00,0.00,18.00,3346.80,21940.11,BATCH_OMS,29-MAY-2025 13:15:59,BATCH_OMS,29-MAY-2025 18:46:59,Y,N
512884583,88512623,BCPL/26/JAI/0034242,16-JAN-2026,1,DIST-N-0142,DEP-JAI-05,SUV-DB-250G,3402,5.578,31.554,EA,32.00,23.75,2339.14,,0.00,0.00,18.00,421.05,2760.19,BATCH_OMS,16-JAN-2026 12:10:17,BATCH_OMS,16-JAN-2026 18:00:17,Y,N
512884585,88512629,BCPL/26/CHD/0034179,26-AUG-2025,1,DIST-N-0187,DEP-CHD-07,SUV-DP-500G,3402,12.632,29.336,KG,99.00,67.47,12206.67,,0.00,0.00,18.00,2197.20,14403.87,SFA_IFACE,26-AUG-2025 03:55:01,SFA_IFACE,26-AUG-2025 09:33:01,Y,N
512884589,88512629,BCPL/26/CHD/0034179,26-AUG-2025,2,DIST-N-0187,DEP-CHD-07,TRG-TEA-1KG,0902,2.063,38.208,KG,540.00,402.21,25324.75,5522,886.37,0.00,5.00,1221.92,25660.30,BATCH_OMS,26-AUG-2025 03:55:01,BATCH_OMS,26-AUG-2025 09:34:01,Y,N
512884591,88512631,BCPL/26/CHD/0034194,05-MAR-2026,1,DIST-N-0187,DEP-CHD-07,CHD-SP-100G,3401,57.483,47.186,EA,45.00,30.84,22728.52,5514,909.14,0.00,12.00,2618.33,24437.71,SFA_IFACE,05-MAR-2026 05:59:09,SFA_IFACE,05-MAR-2026 11:29:09,Y,N
512884592,88512631,BCPL/26/CHD/0034194,05-MAR-2026,2,DIST-N-0187,DEP-CHD-07,SUV-DP-1KG,3402,80.545,27.035,KG,185.00,132.40,131549.33,,0.00,0.00,18.00,23678.88,155228.21,SFA_IFACE,05-MAR-2026 05:59:09,SFA_IFACE,05-MAR-2026 11:31:09,Y,N
512884594,88512631,BCPL/26/CHD/0034194,05-MAR-2026,3,DIST-N-0187,DEP-CHD-07,RKS-HW-200ML,3808,46.115,35.545,LT,99.00,78.25,46083.38,,0.00,0.00,18.00,8295.01,54378.39,BATCH_OMS,05-MAR-2026 05:59:09,BATCH_OMS,05-MAR-2026 11:39:09,Y,N
512884595,88512634,BCPL/26/CHD/0034237,20-MAR-2026,1,DIST-N-0187,DEP-CHD-07,NMB-DW-500ML,3402,73.516,12.929,LT,129.00,96.88,86719.32,,0.00,0.00,18.00,15609.48,102328.80,SFA_IFACE,20-MAR-2026 05:51:41,SFA_IFACE,20-MAR-2026 11:39:41,Y,N
512884596,88512636,BCPL/26/DEL/0034097,07-MAY-2025,1,DIST-N-0187,DEP-DEL-04,NMB-DW-500ML,3402,101.970,9.805,LT,129.00,89.70,110640.02,,0.00,0.00,18.00,19915.20,130555.22,BATCH_OMS,07-MAY-2025 05:27:42,BATCH_OMS,07-MAY-2025 10:59:42,Y,N
512884601,88512636,BCPL/26/DEL/0034097,07-MAY-2025,2,DIST-N-0187,DEP-DEL-04,CHD-SP-100G,3401,37.831,46.994,EA,45.00,35.55,17809.34,5514,712.37,0.00,18.00,3077.45,20174.42,SFA_IFACE,07-MAY-2025 05:27:42,SFA_IFACE,07-MAY-2025 11:02:42,Y,N
512884603,88512637,BCPL/26/JAI/0034288,24-NOV-2025,1,DIST-N-0142,DEP-JAI-05,NMB-DW-500ML,3402,6.250,7.549,LT,129.00,100.14,8266.46,,0.00,0.00,18.00,1487.96,9754.42,BATCH_OMS,24-NOV-2025 11:23:39,BATCH_OMS,24-NOV-2025 17:11:39,Y,N
512884607,88512638,BCPL/26/GUW/0034235,13-SEP-2025,1,DIST-E-0417,DEP-GUW-12,KSG-HO-200ML,3305,28.913,23.534,LT,165.00,119.14,44140.18,,0.00,0.00,18.00,7945.23,52085.41,SFA_IFACE,13-SEP-2025 05:43:12,SFA_IFACE,13-SEP-2025 11:24:12,Y,N
512884611,88512638,BCPL/26/GUW/0034235,13-SEP-2025,2,DIST-E-0417,DEP-GUW-12,NMB-DB-190G,3402,84.026,2.692,EA,22.00,17.64,17834.11,,0.00,0.00,18.00,3210.14,21044.25,BATCH_OMS,13-SEP-2025 05:43:12,BATCH_OMS,13-SEP-2025 11:21:12,Y,N
512884616,88512642,BCPL/26/BLR/0034067,12-AUG-2025,1,DIST-S-0318,DEP-BLR-08,CHD-SP-4X100G,3401,13.026,23.680,EA,168.00,116.22,20918.67,,0.00,120.97,18.00,3743.59,24541.29,BATCH_OMS,12-AUG-2025 09:43:19,BATCH_OMS,12-AUG-2025 15:21:19,Y,N
512884617,88512642,BCPL/26/BLR/0034067,12-AUG-2025,2,DIST-S-0318,DEP-BLR-08,TRG-TEA-250G,0902,94.069,28.757,KG,145.00,109.72,127010.23,,0.00,0.00,5.00,6350.51,133360.74,BATCH_OMS,12-AUG-2025 09:43:19,BATCH_OMS,12-AUG-2025 15:23:19,Y,N
512884621,88512642,BCPL/26/BLR/0034067,12-AUG-2025,3,DIST-S-0318,DEP-BLR-08,SUV-DP-1KG,3402,42.967,8.407,KG,185.00,133.13,69761.58,,0.00,0.00,18.00,12557.08,82318.66,BATCH_OMS,12-AUG-2025 09:43:19,BATCH_OMS,12-AUG-2025 15:29:19,Y,N
512884626,88512647,BCPL/26/CHE/0034132,15-MAR-2026,1,DIST-S-0318,DEP-CHE-09,TRG-TEA-1KG,0902,49.096,46.884,KG,540.00,401.53,255387.54,,0.00,1971.04,5.00,12670.83,266087.33,BATCH_OMS,15-MAR-2026 10:14:41,BATCH_OMS,15-MAR-2026 15:53:41,Y,N
512884628,88512647,BCPL/26/CHE/0034132,15-MAR-2026,2,DIST-S-0318,DEP-CHE-09,NMB-DW-500ML,3402,113.735,28.559,LT,129.00,97.26,135520.04,5533,2710.40,0.00,18.00,23905.74,156715.38,BATCH_OMS,15-MAR-2026 10:14:41,BATCH_OMS,15-MAR-2026 15:52:41,Y,N
512884629,88512648,BCPL/26/KOL/0034232,17-JUL-2025,1,DIST-E-0417,DEP-KOL-11,KSG-HO-100ML,3305,73.321,19.747,LT,92.00,66.18,59535.46,5540,1488.39,0.00,18.00,10448.47,68495.54,BATCH_OMS,17-JUL-2025 06:27:47,BATCH_OMS,17-JUL-2025 12:17:47,Y,N
512884632,88512648,BCPL/26/KOL/0034232,17-JUL-2025,2,DIST-E-0417,DEP-KOL-11,SUV-DB-250G,3402,75.164,34.192,EA,32.00,25.52,23890.80,,0.00,0.00,18.00,4300.34,28191.14,BATCH_OMS,17-JUL-2025 06:27:47,BATCH_OMS,17-JUL-2025 12:16:47,Y,N
512884633,88512652,BCPL/18/KOL/0034023,06-SEP-17,1,DIST-E-0417,DEP-KOL-11,NMB-DW-500ML,3402,97.246,35.975,LT,129.00,95.31,114650.97,,0.00,0.00,18.00,20637.17,135288.14,APPS,06-SEP-17 12:25:03,APPS,06-SEP-17 17:55:03,Y,
512884638,88512657,BCPL/26/LKO/0034172,06-JUL-2025,1,DIST-N-0142,DEP-LKO-06,KSG-HO-100ML,3305,83.823,32.115,LT,92.00,67.30,69856.79,,0.00,0.00,18.00,12574.22,82431.01,BATCH_OMS,06-JUL-2025 03:54:44,BATCH_OMS,06-JUL-2025 09:36:44,Y,N
512884642,88512657,BCPL/26/LKO/0034172,06-JUL-2025,2,DIST-N-0142,DEP-LKO-06,KSG-HO-100ML,3305,91.221,14.255,LT,92.00,66.03,73221.13,5540,1830.53,0.00,18.00,12850.31,84240.91,BATCH_OMS,06-JUL-2025 03:54:44,BATCH_OMS,06-JUL-2025 09:29:44,Y,N
512884643,88512658,BCPL/26/DEL/0034114,11-FEB-2026,1,DIST-N-0187,DEP-DEL-04,SUV-DB-250G,3402,118.833,24.933,EA,32.00,22.18,32181.61,,0.00,200.13,18.00,5756.67,37738.15,BATCH_OMS,11-FEB-2026 05:25:07,BATCH_OMS,11-FEB-2026 11:07:07,Y,N
512884648,88512661,BCPL/26/PUN/0034231,19-DEC-2025,1,DIST-W-0233,DEP-PUN-02,SUV-DP-500G,3402,63.760,42.199,KG,99.00,68.89,55616.21,,0.00,0.00,18.00,10010.92,65627.13,BATCH_OMS,19-DEC-2025 09:55:45,BATCH_OMS,19-DEC-2025 15:38:45,Y,N
512884653,88512665,BCPL/26/GUW/0034242,10-MAY-2025,1,DIST-E-0409,DEP-GUW-12,SUV-DB-250G,3402,119.377,15.703,EA,32.00,23.30,33743.69,,0.00,307.10,18.00,6018.59,39455.18,BATCH_OMS,10-MAY-2025 04:50:45,BATCH_OMS,10-MAY-2025 10:22:45,Y,N
512884657,88512671,BCPL/26/CHE/0034136,20-JUL-2025,1,DIST-S-0352,DEP-CHE-09,KSG-HO-200ML,3305,36.991,14.509,LT,165.00,134.55,61677.85,5540,1541.95,0.00,18.00,10824.46,70960.36,SFA_IFACE,20-JUL-2025 11:01:22,SFA_IFACE,20-JUL-2025 16:45:22,Y,N
512884660,88512674,BCPL/26/MUM/0034141,15-NOV-2025,1,DIST-W-0233,DEP-MUM-01,NMB-DB-190G,3402,87.600,45.755,EA,22.00,16.11,17671.95,,0.00,0.00,18.00,3180.95,20852.90,BATCH_OMS,15-NOV-2025 10:53:24,BATCH_OMS,15-NOV-2025 16:28:24,Y,N
512884664,88512675,BCPL/26/KOL/0034272,21-OCT-2025,1,DIST-E-0409,DEP-KOL-11,SUV-DP-1KG,3402,119.677,36.632,KG,185.00,127.76,188159.31,,0.00,1418.74,18.00,33613.30,220353.87,BATCH_OMS,21-OCT-2025 03:57:07,BATCH_OMS,21-OCT-2025 09:31:07,Y,N
512884667,88512675,BCPL/26/KOL/0034272,21-OCT-2025,2,DIST-E-0409,DEP-KOL-11,SUV-DB-250G,3402,66.891,44.276,EA,32.00,22.24,18836.57,,0.00,0.00,18.00,3390.58,22227.15,BATCH_OMS,21-OCT-2025 03:57:07,BATCH_OMS,21-OCT-2025 09:34:07,Y,N
512884669,88512680,BCPL/26/CHE/0034152,20-DEC-2025,1,DIST-S-0318,DEP-CHE-09,TRG-TEA-1KG,0902,30.547,23.837,KG,540.00,422.25,164846.82,,0.00,0.00,5.00,8242.34,173089.16,BATCH_OMS,20-DEC-2025 13:41:27,BATCH_OMS,20-DEC-2025 19:11:27,Y,N
512884673,88512680,BCPL/26/CHE/0034152,20-DEC-2025,2,DIST-S-0318,DEP-CHE-09,CHD-SP-100G,3401,23.223,3.842,EA,45.00,36.44,10294.96,,0.00,0.00,12.00,1235.40,11530.36,SFA_IFACE,20-DEC-2025 13:41:27,SFA_IFACE,20-DEC-2025 19:15:27,Y,N
512884675,88512683,BCPL/26/PUN/0034267,25-SEP-2025,1,DIST-W-0233,DEP-PUN-02,SUV-DB-250G,3402,31.702,19.003,EA,32.00,25.13,10037.60,,0.00,0.00,18.00,1806.77,11844.37,BATCH_OMS,25-SEP-2025 10:12:01,BATCH_OMS,25-SEP-2025 15:53:01,Y,N
512884680,88512684,BCPL/26/HYD/0034284,25-OCT-2025,1,DIST-S-0352,DEP-HYD-10,NMB-DW-500ML,3402,100.898,35.547,LT,129.00,100.49,125243.00,,0.00,0.00,18.00,22543.74,147786.74,SFA_IFACE,25-OCT-2025 12:08:29,SFA_IFACE,25-OCT-2025 17:45:29,Y,N
512884681,88512684,BCPL/26/HYD/0034284,25-OCT-2025,2,DIST-S-0352,DEP-HYD-10,CHD-SP-100G,3401,25.269,19.498,EA,45.00,34.18,11030.77,,0.00,0.00,12.00,1323.69,12354.46,BATCH_OMS,25-OCT-2025 12:08:29,BATCH_OMS,25-OCT-2025 17:53:29,Y,N
512884685,88512684,BCPL/26/HYD/0034284,25-OCT-2025,3,DIST-S-0352,DEP-HYD-10,NMB-DW-500ML,3402,7.453,43.648,LT,129.00,91.08,12121.29,,0.00,0.00,18.00,2181.83,14303.12,SFA_IFACE,25-OCT-2025 12:08:29,SFA_IFACE,25-OCT-2025 17:49:29,Y,Y
512884687,88512688,BCPL/26/CHD/0034274,14-MAR-2026,1,DIST-N-0142,DEP-CHD-07,NMB-DW-500ML,3402,30.328,33.399,LT,129.00,105.43,41891.03,,0.00,0.00,18.00,7540.39,49431.42,BATCH_OMS,14-MAR-2026 14:20:48,BATCH_OMS,14-MAR-2026 20:05:48,Y,N
512884690,88512688,BCPL/26/CHD/0034274,14-MAR-2026,2,DIST-N-0142,DEP-CHD-07,KSG-HO-100ML,3305,103.267,25.347,LT,92.00,72.19,91287.94,,0.00,0.00,18.00,16431.83,107719.77,BATCH_OMS,14-MAR-2026 14:20:48,BATCH_OMS,14-MAR-2026 19:52:48,Y,N
512884692,88512693,BCPL/26/CHD/0034292,29-DEC-2025,1,DIST-N-0187,DEP-CHD-07,CHD-SP-100G,3401,84.662,35.458,EA,45.00,32.09,33739.49,,0.00,0.00,12.00,4048.74,37788.23,BATCH_OMS,29-DEC-2025 09:19:50,BATCH_OMS,29-DEC-2025 14:59:50,Y,N
512884694,88512693,BCPL/26/CHD/0034292,29-DEC-2025,2,DIST-N-0187,DEP-CHD-07,RKS-HW-200ML,3808,12.278,19.837,LT,99.00,72.31,12088.28,,0.00,0.00,18.00,2175.89,14264.17,BATCH_OMS,29-DEC-2025 09:19:50,BATCH_OMS,29-DEC-2025 14:51:50,Y,N
512884696,88512699,BCPL/26/KOL/0034276,29-SEP-2025,1,DIST-E-0409,DEP-KOL-11,TRG-TEA-1KG,0902,16.406,35.901,KG,540.00,413.74,96307.50,5522,3370.76,0.00,5.00,4646.84,97583.58,BATCH_OMS,29-SEP-2025 06:15:39,BATCH_OMS,29-SEP-2025 11:54:39,Y,N
512884700,88512703,BCPL/26/AHM/0034238,17-MAY-2025,1,DIST-W-0241,DEP-AHM-03,KSG-HO-200ML,3305,83.723,31.340,LT,165.00,133.26,138059.49,,0.00,0.00,18.00,24850.71,162910.20,BATCH_OMS,17-MAY-2025 07:34:57,BATCH_OMS,17-MAY-2025 13:20:57,Y,N
512884705,88512703,BCPL/26/AHM/0034238,17-MAY-2025,2,DIST-W-0241,DEP-AHM-03,RKS-HW-200ML,3808,33.771,36.734,LT,99.00,77.75,34364.41,,0.00,0.00,18.00,6185.59,40550.00,BATCH_OMS,17-MAY-2025 07:34:57,BATCH_OMS,17-MAY-2025 13:06:57,Y,N
512884706,88512703,BCPL/26/AHM/0034238,17-MAY-2025,3,DIST-W-0241,DEP-AHM-03,CHD-SP-4X100G,3401,111.014,15.232,EA,168.00,114.57,154371.62,5514,6174.86,1286.58,18.00,26443.83,173354.01,BATCH_OMS,17-MAY-2025 07:34:57,BATCH_OMS,17-MAY-2025 13:19:57,Y,N
512884708,88512707,BCPL/26/PUN/0034283,25-APR-2025,1,DIST-W-0241,DEP-PUN-02,NMB-DB-190G,3402,23.720,42.342,EA,22.00,16.21,5300.38,,0.00,0.00,18.00,954.07,6254.45,BATCH_OMS,25-APR-2025 04:11:22,BATCH_OMS,25-APR-2025 09:41:22,Y,N
512884709,88512707,BCPL/26/PUN/0034283,25-APR-2025,2,DIST-W-0241,DEP-PUN-02,KSG-HO-100ML,3305,88.179,7.082,LT,92.00,67.43,71828.46,5540,1795.71,0.00,18.00,12605.90,82638.65,BATCH_OMS,25-APR-2025 04:11:22,BATCH_OMS,25-APR-2025 09:43:22,Y,N
512884711,88512707,BCPL/26/PUN/0034283,25-APR-2025,3,DIST-W-0241,DEP-PUN-02,TRG-TEA-250G,0902,105.431,27.811,KG,145.00,108.21,139913.69,,0.00,0.00,5.00,6995.68,146909.37,BATCH_OMS,25-APR-2025 04:11:22,BATCH_OMS,25-APR-2025 09:46:22,Y,N
512884714,88512712,BCPL/26/BLR/0034095,16-AUG-2025,1,DIST-S-0352,DEP-BLR-08,SUV-DP-500G,3402,50.358,0.178,KG,99.00,73.14,44211.23,,0.00,0.00,18.00,7958.02,52169.25,BATCH_OMS,16-AUG-2025 10:49:13,BATCH_OMS,16-AUG-2025 16:22:13,Y,N
512884717,88512713,BCPL/26/HYD/0034309,14-AUG-2025,1,DIST-S-0352,DEP-HYD-10,CHD-SP-4X100G,3401,33.661,16.300,EA,168.00,116.95,49146.13,5514,1965.85,0.00,18.00,8492.45,55672.73,BATCH_OMS,14-AUG-2025 05:29:06,BATCH_OMS,14-AUG-2025 11:11:06,Y,N
512884719,88512713,BCPL/26/HYD/0034309,14-AUG-2025,2,DIST-S-0352,DEP-HYD-10,TRG-TEA-1KG,0902,79.336,34.585,KG,540.00,429.67,423919.73,5522,14837.19,0.00,5.00,20454.13,429536.67,BATCH_OMS,14-AUG-2025 05:29:06,BATCH_OMS,14-AUG-2025 11:17:06,Y,N
512884720,88512716,BCPL/26/CHE/0034163,27-SEP-2025,1,DIST-S-0352,DEP-CHE-09,CHD-SP-100G,3401,71.345,29.773,EA,45.00,36.37,32220.66,,0.00,0.00,18.00,5799.72,38020.38,SFA_IFACE,27-SEP-2025 08:04:59,SFA_IFACE,27-SEP-2025 13:52:59,Y,N
512884725,88512722,BCPL/26/HYD/0034342,10-DEC-2025,1,DIST-S-0318,DEP-HYD-10,NMB-DW-500ML,3402,14.055,28.762,LT,129.00,91.82,18127.29,,0.00,0.00,18.00,3262.91,21390.20,BATCH_OMS,10-DEC-2025 12:50:21,BATCH_OMS,10-DEC-2025 18:36:21,Y,N
512884730,88512726,BCPL/26/AHM/0034253,28-AUG-2025,1,DIST-W-0233,DEP-AHM-03,SUV-DP-500G,3402,111.401,44.110,KG,99.00,71.72,99039.73,,0.00,0.00,18.00,17827.15,116866.88,BATCH_OMS,28-AUG-2025 07:10:42,BATCH_OMS,28-AUG-2025 12:45:42,Y,N
512884732,88512726,BCPL/26/AHM/0034253,28-AUG-2025,2,DIST-W-0233,DEP-AHM-03,SUV-DB-250G,3402,31.037,15.756,EA,32.00,23.00,8928.60,5501,267.86,0.00,18.00,1558.93,10219.67,BATCH_OMS,28-AUG-2025 07:10:42,BATCH_OMS,28-AUG-2025 12:56:42,Y,N
512884736,88512726,BCPL/26/AHM/0034253,28-AUG-2025,3,DIST-W-0233,DEP-AHM-03,TRG-TEA-1KG,0902,1.524,12.659,KG,540.00,376.19,11641.95,5522,407.47,0.00,5.00,561.72,11796.20,BATCH_OMS,28-AUG-2025 07:10:42,BATCH_OMS,28-AUG-2025 12:54:42,Y,N
512884739,88512727,BCPL/26/CHE/0034170,14-FEB-2026,1,DIST-S-0318,DEP-CHE-09,SUV-DP-500G,3402,44.485,3.213,KG,99.00,72.86,39128.22,5501,1173.85,179.23,18.00,6799.53,44574.67,BATCH_OMS,14-FEB-2026 05:17:55,BATCH_OMS,14-FEB-2026 10:53:55,Y,N
512884740,88512731,BCPL/26/JAI/0034297,12-FEB-2026,1,DIST-N-0187,DEP-JAI-05,SUV-DB-250G,3402,98.993,31.336,EA,32.00,25.69,31322.58,,0.00,0.00,18.00,5638.06,36960.64,BATCH_OMS,12-FEB-2026 09:33:14,BATCH_OMS,12-FEB-2026 15:10:14,Y,N
512884745,88512731,BCPL/26/JAI/0034297,12-FEB-2026,2,DIST-N-0187,DEP-JAI-05,NMB-DW-500ML,3402,104.462,25.218,LT,129.00,98.44,125881.33,,0.00,0.00,18.00,22658.64,148539.97,BATCH_OMS,12-FEB-2026 09:33:14,BATCH_OMS,12-FEB-2026 15:08:14,Y,N
512884747,88512731,BCPL/26/JAI/0034297,12-FEB-2026,3,DIST-N-0187,DEP-JAI-05,RKS-HW-200ML,3808,21.877,8.130,LT,99.00,78.89,21351.89,,0.00,0.00,18.00,3843.34,25195.23,BATCH_OMS,12-FEB-2026 09:33:14,BATCH_OMS,12-FEB-2026 15:21:14,Y,N
512884751,88512737,BCPL/26/MUM/0034185,11-JUL-2025,1,DIST-W-0241,DEP-MUM-01,CHD-SP-100G,3401,37.058,36.314,EA,45.00,32.14,15459.66,,0.00,0.00,18.00,2782.74,18242.40,BATCH_OMS,11-JUL-2025 07:48:38,BATCH_OMS,11-JUL-2025 13:26:38,Y,N
512884752,88512737,BCPL/26/MUM/0034185,11-JUL-2025,2,DIST-W-0241,DEP-MUM-01,SUV-DB-250G,3402,30.669,9.494,EA,32.00,23.67,8935.95,,0.00,0.00,18.00,1608.47,10544.42,SFA_IFACE,11-JUL-2025 07:48:38,SFA_IFACE,11-JUL-2025 13:36:38,Y,Y
512884753,88512739,BCPL/26/GUW/0034258,27-MAR-2026,1,DIST-E-0417,DEP-GUW-12,KSG-HO-200ML,3305,17.600,30.751,LT,165.00,118.93,28775.23,5540,719.38,0.00,18.00,5050.05,33105.90,BATCH_OMS,27-MAR-2026 07:57:50,BATCH_OMS,27-MAR-2026 13:39:50,Y,N
512884757,88512745,BCPL/26/KOL/0034311,05-MAY-2025,1,DIST-E-0417,DEP-KOL-11,TRG-TEA-1KG,0902,56.655,10.578,KG,540.00,412.47,284784.96,5522,9967.47,0.00,5.00,13740.87,288558.36,BATCH_OMS,05-MAY-2025 06:51:53,BATCH_OMS,05-MAY-2025 12:24:53,Y,N
512884759,88512745,BCPL/26/KOL/0034311,05-MAY-2025,2,DIST-E-0417,DEP-KOL-11,TRG-TEA-1KG,0902,27.589,6.569,KG,540.00,440.95,148881.04,,0.00,0.00,5.00,7444.05,156325.09,BATCH_OMS,05-MAY-2025 06:51:53,BATCH_OMS,05-MAY-2025 12:24:53,Y,N
512884762,88512748,BCPL/26/GUW/0034264,31-MAR-2026,1,DIST-E-0417,DEP-GUW-12,KSG-HO-200ML,3305,53.467,18.631,LT,165.00,132.81,87685.81,,0.00,0.00,18.00,15783.45,103469.26,BATCH_OMS,31-MAR-2026 09:40:46,BATCH_OMS,31-MAR-2026 15:27:46,Y,Y
512884767,88512748,BCPL/26/GUW/0034264,31-MAR-2026,2,DIST-E-0417,DEP-GUW-12,NMB-DB-190G,3402,65.239,26.680,EA,22.00,15.49,12539.90,,0.00,82.36,18.00,2242.36,14699.90,BATCH_OMS,31-MAR-2026 09:40:46,BATCH_OMS,31-MAR-2026 15:16:46,Y,N
512884771,88512754,BCPL/26/AHM/0034265,20-FEB-2026,1,DIST-W-0233,DEP-AHM-03,CHD-SP-100G,3401,42.012,15.355,EA,45.00,35.37,18374.68,,0.00,179.21,12.00,2183.46,20378.93,BATCH_OMS,20-FEB-2026 12:15:05,BATCH_OMS,20-FEB-2026 17:47:05,Y,N
512884776,88512754,BCPL/26/AHM/0034265,20-FEB-2026,2,DIST-W-0233,DEP-AHM-03,KSG-HO-100ML,3305,60.310,31.395,LT,92.00,73.16,55244.21,,0.00,0.00,18.00,9943.96,65188.17,BATCH_OMS,20-FEB-2026 12:15:05,BATCH_OMS,20-FEB-2026 17:58:05,Y,N
512884781,88512760,BCPL/26/GUW/0034275,10-SEP-2025,1,DIST-E-0417,DEP-GUW-12,TRG-TEA-1KG,0902,14.788,14.383,KG,540.00,429.16,82329.63,,0.00,0.00,5.00,4116.48,86446.11,BATCH_OMS,10-SEP-2025 10:56:33,BATCH_OMS,10-SEP-2025 16:39:33,Y,N
512884784,88512760,BCPL/26/GUW/0034275,10-SEP-2025,2,DIST-E-0417,DEP-GUW-12,SUV-DB-250G,3402,115.372,3.772,EA,32.00,24.49,33997.90,5501,1019.94,0.00,18.00,5936.03,38913.99,SFA_IFACE,10-SEP-2025 10:56:33,SFA_IFACE,10-SEP-2025 16:39:33,Y,N
512884786,88512762,BCPL/26/MUM/0034213,08-JUN-2025,1,DIST-W-0241,DEP-MUM-01,NMB-DW-500ML,3402,24.902,31.913,LT,129.00,90.72,30004.46,,0.00,208.07,18.00,5363.35,35159.74,BATCH_OMS,08-JUN-2025 04:23:50,BATCH_OMS,08-JUN-2025 10:12:50,Y,N
512884787,88512762,BCPL/26/MUM/0034213,08-JUN-2025,2,DIST-W-0241,DEP-MUM-01,SUV-DP-1KG,3402,18.998,37.958,KG,185.00,131.33,34925.11,,0.00,0.00,18.00,6286.52,41211.63,BATCH_OMS,08-JUN-2025 04:23:50,BATCH_OMS,08-JUN-2025 09:53:50,Y,N
512884789,88512762,BCPL/26/MUM/0034213,08-JUN-2025,3,DIST-W-0241,DEP-MUM-01,SUV-DP-1KG,3402,26.398,20.546,KG,185.00,129.66,43737.17,5501,1312.12,0.00,18.00,7636.51,50061.56,SFA_IFACE,08-JUN-2025 04:23:50,SFA_IFACE,08-JUN-2025 09:58:50,Y,N
512884790,88512764,BCPL/26/LKO/0034196,10-JUN-2025,1,DIST-N-0187,DEP-LKO-06,SUV-DP-1KG,3402,108.630,5.342,KG,185.00,150.85,197447.87,,0.00,0.00,18.00,35540.62,232988.49,SFA_IFACE,10-JUN-2025 04:18:38,SFA_IFACE,10-JUN-2025 09:59:38,Y,N
512884793,88512764,BCPL/26/LKO/0034196,10-JUN-2025,2,DIST-N-0187,DEP-LKO-06,SUV-DP-1KG,3402,106.222,29.043,KG,185.00,134.48,175322.52,,0.00,0.00,18.00,31558.05,206880.57,BATCH_OMS,10-JUN-2025 04:18:38,BATCH_OMS,10-JUN-2025 10:05:38,Y,N
512884795,88512768,BCPL/26/MUM/0034234,09-MAY-2025,1,DIST-W-0241,DEP-MUM-01,SUV-DP-500G,3402,106.632,10.230,KG,99.00,77.27,99663.93,5501,2989.92,0.00,18.00,17401.32,114075.33,BATCH_OMS,09-MAY-2025 13:34:49,BATCH_OMS,09-MAY-2025 19:12:49,Y,N
512884799,88512768,BCPL/26/MUM/0034234,09-MAY-2025,2,DIST-W-0241,DEP-MUM-01,SUV-DP-1KG,3402,71.854,18.109,KG,185.00,145.80,128356.05,5501,3850.68,0.00,18.00,22410.97,146916.34,SFA_IFACE,09-MAY-2025 13:34:49,BATCH_OMS,09-MAY-2025 19:09:49,Y,N
512884803,88512768,BCPL/26/MUM/0034234,09-MAY-2025,3,DIST-W-0241,DEP-MUM-01,NMB-DB-190G,3402,40.313,45.278,EA,22.00,15.68,8295.25,,0.00,0.00,18.00,1493.14,9788.39,BATCH_OMS,09-MAY-2025 13:34:49,BATCH_OMS,09-MAY-2025 19:19:49,Y,N
512884808,88512772,BCPL/26/LKO/0034230,18-JUL-2025,1,DIST-N-0142,DEP-LKO-06,SUV-DP-500G,3402,73.431,9.799,KG,99.00,77.42,68978.97,,0.00,0.00,18.00,12416.21,81395.18,SFA_IFACE,18-JUL-2025 03:35:16,SFA_IFACE,18-JUL-2025 09:06:16,Y,N
512884811,88512772,BCPL/26/LKO/0034230,18-JUL-2025,2,DIST-N-0142,DEP-LKO-06,CHD-SP-100G,3401,44.248,4.555,EA,45.00,36.68,19643.28,5514,785.73,0.00,18.00,3394.36,22251.91,BATCH_OMS,18-JUL-2025 03:35:16,BATCH_OMS,18-JUL-2025 09:21:16,Y,N
512884815,88512777,BCPL/26/MUM/0034268,13-SEP-2025,1,DIST-W-0241,DEP-MUM-01,NMB-DW-500ML,3402,1.259,13.512,LT,129.00,100.93,2888.62,,0.00,0.00,18.00,519.95,3408.57,SFA_IFACE,13-SEP-2025 11:37:11,SFA_IFACE,13-SEP-2025 17:09:11,Y,N
512884818,88512777,BCPL/26/MUM/0034268,13-SEP-2025,2,DIST-W-0241,DEP-MUM-01,CHD-SP-100G,3401,9.202,3.595,EA,45.00,34.71,3957.60,,0.00,0.00,18.00,712.37,4669.97,BATCH_OMS,13-SEP-2025 11:37:11,BATCH_OMS,13-SEP-2025 17:23:11,Y,N
512884823,88512777,BCPL/26/MUM/0034268,13-SEP-2025,3,DIST-W-0241,DEP-MUM-01,NMB-DB-190G,3402,51.157,12.825,EA,22.00,17.33,10860.87,,0.00,0.00,18.00,1954.96,12815.83,BATCH_OMS,13-SEP-2025 11:37:11,BATCH_OMS,13-SEP-2025 17:21:11,Y,N
512884826,88512783,BCPL/26/GUW/0034317,14-MAR-2026,1,DIST-E-0417,DEP-GUW-12,TRG-TEA-1KG,0902,74.221,0.904,KG,540.00,420.76,375131.10,,0.00,0.00,5.00,18756.56,393887.66,BATCH_OMS,14-MAR-2026 07:48:20,BATCH_OMS,14-MAR-2026 13:22:20,Y,N
512884827,88512783,BCPL/26/GUW/0034317,14-MAR-2026,2,DIST-E-0417,DEP-GUW-12,NMB-DB-190G,3402,22.457,25.330,EA,22.00,16.24,4787.78,,0.00,0.00,18.00,861.80,5649.58,BATCH_OMS,14-MAR-2026 07:48:20,BATCH_OMS,14-MAR-2026 13:36:20,Y,N
512884832,88512789,BCPL/26/GUW/0034352,13-JUN-2025,1,DIST-E-0417,DEP-GUW-12,TRG-TEA-250G,0902,58.975,12.081,KG,145.00,105.47,75915.30,,0.00,0.00,5.00,3795.76,79711.06,SFA_IFACE,13-JUN-2025 13:59:53,SFA_IFACE,13-JUN-2025 19:39:53,Y,Y
512884833,88512792,BCPL/26/MUM/0034283,02-SEP-2025,1,DIST-W-0233,DEP-MUM-01,TRG-TEA-250G,0902,71.743,5.313,KG,145.00,102.31,88623.89,,0.00,0.00,5.00,4431.19,93055.08,BATCH_OMS,02-SEP-2025 06:19:30,BATCH_OMS,02-SEP-2025 11:55:30,Y,N
512884838,88512792,BCPL/26/MUM/0034283,02-SEP-2025,2,DIST-W-0233,DEP-MUM-01,SUV-DP-1KG,3402,104.240,28.909,KG,185.00,137.51,175983.79,5501,5279.51,0.00,18.00,30726.77,201431.05,BATCH_OMS,02-SEP-2025 06:19:30,BATCH_OMS,02-SEP-2025 12:05:30,Y,N
512884842,88512792,BCPL/26/MUM/0034283,02-SEP-2025,3,DIST-W-0233,DEP-MUM-01,SUV-DP-1KG,3402,38.500,46.751,KG,185.00,141.92,72201.94,5501,2166.06,0.00,18.00,12606.46,82642.34,BATCH_OMS,02-SEP-2025 06:19:30,BATCH_OMS,02-SEP-2025 11:58:30,Y,N
512884847,88512796,BCPL/26/KOL/0034325,09-OCT-2025,1,DIST-E-0409,DEP-KOL-11,NMB-DB-190G,3402,67.949,46.572,EA,22.00,15.79,13610.35,,0.00,0.00,18.00,2449.86,16060.21,BATCH_OMS,09-OCT-2025 14:13:30,BATCH_OMS,09-OCT-2025 19:49:30,Y,N
512884852,88512801,BCPL/26/AHM/0034274,27-APR-2025,1,DIST-W-0241,DEP-AHM-03,KSG-HO-200ML,3305,91.066,9.288,LT,165.00,123.63,136250.15,,0.00,0.00,18.00,24525.03,160775.18,BATCH_OMS,27-APR-2025 10:02:28,BATCH_OMS,27-APR-2025 15:44:28,Y,N
512884853,88512803,BCPL/26/KOL/0034356,27-JAN-2026,1,DIST-E-0409,DEP-KOL-11,TRG-TEA-250G,0902,45.346,31.473,KG,145.00,118.38,68142.49,5522,2384.99,0.00,5.00,3287.88,69045.38,BATCH_OMS,27-JAN-2026 05:56:29,BATCH_OMS,27-JAN-2026 11:37:29,Y,N
512884858,88512806,BCPL/26/KOL/0034393,29-JUN-2025,1,DIST-E-0409,DEP-KOL-11,SUV-DP-500G ,3402,110.502,40.166,KG,99.00,71.10,97136.11,,0.00,0.00,18.00,17484.50,114620.61,BATCH_OMS,29-JUN-2025 12:00:32,BATCH_OMS,29-JUN-2025 17:36:32,Y,N
512884859,88512808,BCPL/19/LKO/0034010,17-JUN-18,1,DIST-N-0142,DEP-LKO-06,RKS-HW-200ML,3808,53.112,10.179,LT,99.00,79.40,51413.33,,0.00,0.00,18.00,9254.40,60667.73,APPS,17-JUN-18 04:36:07,APPS,17-JUN-18 10:06:07,Y,
512884860,88512814,BCPL/26/KOL/0034404,04-SEP-2025,1,DIST-E-0409,DEP-KOL-11,CHD-SP-100G,3401,16.157,9.842,EA,45.00,34.05,6936.87,,0.00,0.00,18.00,1248.64,8185.51,BATCH_OMS,04-SEP-2025 11:11:27,BATCH_OMS,04-SEP-2025 16:55:27,Y,N
512884861,88512817,BCPL/26/MUM/0034313,09-SEP-2025,1,DIST-W-0233,DEP-MUM-01,CHD-SP-4X100G,3401,116.422,29.493,EA,168.00,134.60,192014.57,,0.00,0.00,18.00,34562.62,226577.19,BATCH_OMS,09-SEP-2025 12:17:10,BATCH_OMS,09-SEP-2025 17:54:10,Y,N
512884862,88512821,BCPL/26/BLR/0034131,04-JUN-2025,1,DIST-S-0352,DEP-BLR-08,KSG-HO-100ML,3305,91.121,16.075,LT,92.00,69.54,77156.51,,0.00,0.00,18.00,13888.17,91044.68,BATCH_OMS,04-JUN-2025 13:28:22,SFA_IFACE,04-JUN-2025 19:11:22,Y,N
512884863,88512821,BCPL/26/BLR/0034131,04-JUN-2025,2,DIST-S-0352,DEP-BLR-08,TRG-TEA-1KG,0902,90.867,32.689,KG,540.00,423.09,475169.42,5522,16630.93,0.00,5.00,22926.92,481465.41,BATCH_OMS,04-JUN-2025 13:28:22,BATCH_OMS,04-JUN-2025 19:10:22,Y,N
512884868,88512825,BCPL/26/PUN/0034316,06-JUN-2025,1,DIST-W-0233,DEP-PUN-02,SUV-DP-500G,3402,54.295,23.030,KG,99.00,75.67,51044.71,,0.00,0.00,18.00,9188.05,60232.76,BATCH_OMS,06-JUN-2025 11:00:08,BATCH_OMS,06-JUN-2025 16:39:08,Y,N
512884873,88512825,BCPL/26/PUN/0034316,06-JUN-2025,2,DIST-W-0233,DEP-PUN-02,KSG-HO-200ML,3305,49.976,46.707,LT,165.00,131.02,84693.82,,0.00,0.00,18.00,15244.89,99938.71,BATCH_OMS,06-JUN-2025 11:00:08,BATCH_OMS,06-JUN-2025 16:30:08,Y,N
512884876,88512831,BCPL/26/GUW/0034371,28-APR-2025,1,DIST-E-0417,DEP-GUW-12,SUV-DP-1KG,3402,27.724,6.803,KG,185.00,146.82,49844.07,,0.00,0.00,18.00,8971.93,58816.00,SFA_IFACE,28-APR-2025 07:42:03,SFA_IFACE,28-APR-2025 13:20:03,Y,N
512884880,88512833,BCPL/26/BLR/0034138,29-MAR-2026,1,DIST-S-0352,DEP-BLR-08,SUV-DP-500G,3402,116.487,10.571,KG,99.00,73.18,103067.81,,0.00,0.00,18.00,18552.21,121620.02,BATCH_OMS,29-MAR-2026 08:22:17,BATCH_OMS,29-MAR-2026 13:52:17,Y,Y
512884881,88512833,BCPL/26/BLR/0034138,29-MAR-2026,2,DIST-S-0352,DEP-BLR-08,SUV-DB-250G,3402,54.191,33.114,EA,32.00,22.01,15041.77,5501,451.25,0.00,18.00,2626.29,17216.81,BATCH_OMS,29-MAR-2026 08:22:17,BATCH_OMS,29-MAR-2026 13:57:17,Y,N
512884885,88512838,BCPL/26/KOL/0034451,06-FEB-2026,1,DIST-E-0409,DEP-KOL-11,CHD-SP-100G,3401,36.058,23.355,EA,45.00,36.05,16440.64,5514,657.63,0.00,12.00,1893.96,17676.97,SFA_IFACE,06-FEB-2026 12:34:52,SFA_IFACE,06-FEB-2026 18:09:52,Y,N
512884888,88512843,BCPL/26/HYD/0034355,26-APR-2025,1,DIST-S-0352,DEP-HYD-10,TRG-TEA-250G,0902,49.316,41.795,KG,145.00,103.79,65759.99,,0.00,0.00,5.00,3288.00,69047.99,SFA_IFACE,26-APR-2025 08:37:58,SFA_IFACE,26-APR-2025 14:07:58,Y,N
512884893,88512843,BCPL/26/HYD/0034355,26-APR-2025,2,DIST-S-0352,DEP-HYD-10,RKS-HW-200ML,3808,75.738,15.107,LT,99.00,71.38,65952.48,,0.00,0.00,18.00,11871.45,77823.93,BATCH_OMS,26-APR-2025 08:37:58,BATCH_OMS,26-APR-2025 14:09:58,Y,N
512884896,88512843,BCPL/26/HYD/0034355,26-APR-2025,3,DIST-S-0352,DEP-HYD-10,TRG-TEA-250G,0902,105.752,31.874,KG,145.00,105.58,137348.81,,0.00,0.00,5.00,6867.44,144216.25,BATCH_OMS,26-APR-2025 08:37:58,BATCH_OMS,26-APR-2025 14:23:58,Y,N
512884899,88512844,BCPL/26/PUN/0034343,01-JUN-2025,1,DIST-W-0233,DEP-PUN-02,CHD-SP-4X100G,3401,8.984,3.397,EA,168.00,117.08,13019.88,,0.00,0.00,18.00,2343.58,15363.46,BATCH_OMS,01-JUN-2025 11:18:07,SFA_IFACE,01-JUN-2025 17:02:07,Y,N
512884903,88512844,BCPL/26/PUN/0034343,01-JUN-2025,2,DIST-W-0233,DEP-PUN-02,KSG-HO-200ML,3305,84.872,16.489,LT,165.00,120.37,124577.29,,0.00,0.00,18.00,22423.91,147001.20,BATCH_OMS,01-JUN-2025 11:18:07,BATCH_OMS,01-JUN-2025 16:57:07,Y,N
512884905,88512844,BCPL/26/PUN/0034343,01-JUN-2025,3,DIST-W-0233,DEP-PUN-02,CHD-SP-100G,3401,88.955,13.091,EA,45.00,30.69,33162.11,,0.00,0.00,18.00,5969.18,39131.29,SFA_IFACE,01-JUN-2025 11:18:07,BATCH_OMS,01-JUN-2025 16:51:07,Y,N
512884908,88512850,BCPL/19/PUN/0034038,29-OCT-18,1,DIST-W-0241,DEP-PUN-02,NMB-DW-500ML,3402,91.206,11.498,LT,129.00,91.56,101262.61,,0.00,0.00,18.00,18227.27,119489.88,APPS,29-OCT-18 09:19:37,APPS,29-OCT-18 14:49:37,Y,
512884913,88512854,BCPL/26/BLR/0034141,20-JAN-2026,1,DIST-S-0352,DEP-BLR-08,CHD-SP-100G,3401,44.013,31.647,EA,45.00,35.36,19794.63,,0.00,0.00,12.00,2375.36,22169.99,BATCH_OMS,20-JAN-2026 05:01:46,BATCH_OMS,20-JAN-2026 10:32:46,Y,N
512884918,88512856,BCPL/26/MUM/0034359,26-DEC-2025,1,DIST-W-0241,DEP-MUM-01,NMB-DB-190G,3402,39.866,22.661,EA,22.00,15.35,7691.16,,0.00,0.00,18.00,1384.41,9075.57,BATCH_OMS,26-DEC-2025 04:17:44,BATCH_OMS,26-DEC-2025 09:53:44,Y,Y
512884923,88512857,BCPL/26/KOL/0034459,22-JUN-2025,1,DIST-E-0409,DEP-KOL-11,CHD-SP-4X100G,3401,111.667,26.771,EA,168.00,134.77,184200.27,,0.00,0.00,18.00,33156.05,217356.32,BATCH_OMS,22-JUN-2025 11:24:51,BATCH_OMS,22-JUN-2025 17:06:51,Y,N
512884924,88512862,BCPL/26/LKO/0034238,11-APR-2025,1,DIST-N-0187,DEP-LKO-06,NMB-DB-190G,3402,101.757,9.318,EA,22.00,17.49,21519.73,,0.00,0.00,18.00,3873.55,25393.28,BATCH_OMS,11-APR-2025 10:11:36,SFA_IFACE,11-APR-2025 15:56:36,Y,N
512884925,88512862,BCPL/26/LKO/0034238,11-APR-2025,2,DIST-N-0187,DEP-LKO-06,KSG-HO-100ML,3305,118.554,44.965,LT,92.00,72.13,105858.93,5540,2646.47,690.80,18.00,18453.90,120975.56,BATCH_OMS,11-APR-2025 10:11:36,BATCH_OMS,11-APR-2025 15:52:36,Y,N
512884929,88512866,BCPL/26/DEL/0034148,15-JAN-2026,1,DIST-N-0187,DEP-DEL-04,SUV-DB-250G,3402,86.463,34.188,EA,32.00,22.43,24039.22,,0.00,0.00,18.00,4327.06,28366.28,BATCH_OMS,15-JAN-2026 08:22:46,BATCH_OMS,15-JAN-2026 14:06:46,Y,N
512884930,88512871,BCPL/26/JAI/0034319,24-JUN-2025,1,DIST-N-0142,DEP-JAI-05,SUV-DB-250G,3402,108.941,45.344,EA,32.00,22.03,29798.57,,0.00,0.00,18.00,5363.74,35162.31,BATCH_OMS,24-JUN-2025 13:28:43,BATCH_OMS,24-JUN-2025 19:04:43,Y,N
512884933,88512871,BCPL/26/JAI/0034319,24-JUN-2025,2,DIST-N-0142,DEP-JAI-05,NMB-DW-500ML,3402,32.696,10.789,LT,129.00,89.28,35992.43,,0.00,0.00,18.00,6478.64,42471.07,BATCH_OMS,24-JUN-2025 13:28:43,BATCH_OMS,24-JUN-2025 19:10:43,Y,N
512884938,88512873,BCPL/26/HYD/0034362,17-JUN-2025,1,DIST-S-0318,DEP-HYD-10,RKS-HW-200ML,3808,28.768,6.618,LT,99.00,73.78,25958.31,,0.00,0.00,18.00,4672.50,30630.81,BATCH_OMS,17-JUN-2025 05:55:46,BATCH_OMS,17-JUN-2025 11:41:46,Y,N
512884941,88512873,BCPL/26/HYD/0034362,17-JUN-2025,2,DIST-S-0318,DEP-HYD-10,KSG-HO-200ML,3305,32.158,22.802,LT,165.00,119.51,48843.50,5540,1221.09,0.00,18.00,8572.03,56194.44,SFA_IFACE,17-JUN-2025 05:55:46,SFA_IFACE,17-JUN-2025 11:38:46,Y,N
512884946,88512874,BCPL/26/CHD/0034322,17-AUG-2025,1,DIST-N-0142,DEP-CHD-07,SUV-DP-500G,3402,21.893,13.526,KG,99.00,72.18,19939.15,5501,598.17,0.00,18.00,3481.38,22822.36,BATCH_OMS,17-AUG-2025 11:47:26,BATCH_OMS,17-AUG-2025 17:30:26,Y,N
512884951,88512874,BCPL/26/CHD/0034322,17-AUG-2025,2,DIST-N-0142,DEP-CHD-07,SUV-DP-1KG,3402,11.771,19.171,KG,185.00,148.08,23755.44,,0.00,0.00,18.00,4275.98,28031.42,BATCH_OMS,17-AUG-2025 11:47:26,BATCH_OMS,17-AUG-2025 17:33:26,Y,N
512884952,88512874,BCPL/26/CHD/0034322,17-AUG-2025,3,DIST-N-0142,DEP-CHD-07,TRG-TEA-1KG,0902,41.660,18.086,KG,540.00,369.16,191227.09,,0.00,0.00,5.00,9561.35,200788.44,BATCH_OMS,17-AUG-2025 11:47:26,BATCH_OMS,17-AUG-2025 17:25:26,Y,N
512884953,88512880,BCPL/26/CHD/0034348,18-MAR-2026,1,DIST-N-0187,DEP-CHD-07,TRG-TEA-1KG,0902,112.985,29.420,KG,540.00,373.90,517941.24,,0.00,0.00,5.00,25897.06,543838.30,BATCH_OMS,18-MAR-2026 14:10:24,BATCH_OMS,18-MAR-2026 19:43:24,Y,N
512884954,88512882,BCPL/26/GUW/0034381,25-APR-2025,1,DIST-E-0417,DEP-GUW-12,SUV-DP-500G,3402,35.004,16.632,KG,99.00,81.01,35375.45,5501,1061.26,0.00,18.00,6176.55,40490.74,BATCH_OMS,25-APR-2025 10:53:51,BATCH_OMS,25-APR-2025 16:28:51,Y,N
512884959,88512884,BCPL/26/HYD/0034396,30-JUN-2025,1,DIST-S-0318,DEP-HYD-10,KSG-HO-100ML,3305,104.594,12.977,LT,92.00,67.63,85761.94,,0.00,0.00,18.00,15437.15,101199.09,SFA_IFACE,30-JUN-2025 13:29:52,SFA_IFACE,30-JUN-2025 19:01:52,Y,N
512884961,88512885,BCPL/26/DEL/0034178,06-APR-2025,1,DIST-N-0187,DEP-DEL-04,RKS-HW-200ML,3808,24.997,27.509,LT,99.00,72.78,23833.48,,0.00,209.49,18.00,4252.32,27876.31,BATCH_OMS,06-APR-2025 13:16:28,BATCH_OMS,06-APR-2025 19:06:28,Y,N
512884965,88512885,BCPL/26/DEL/0034178,06-APR-2025,2,DIST-N-0187,DEP-DEL-04,CHD-SP-4X100G,3401,89.962,43.988,EA,168.00,127.56,143317.74,,0.00,0.00,18.00,25797.19,169114.93,BATCH_OMS,06-APR-2025 13:16:28,BATCH_OMS,06-APR-2025 19:06:28,Y,N
512884970,88512885,BCPL/26/DEL/0034178,06-APR-2025,3,DIST-N-0187,DEP-DEL-04,RKS-HW-200ML,3808,22.653,47.112,LT,99.00,72.09,22992.96,,0.00,0.00,18.00,4138.73,27131.69,BATCH_OMS,06-APR-2025 13:16:28,BATCH_OMS,06-APR-2025 19:05:28,Y,N
512884974,88512891,BCPL/26/LKO/0034251,06-APR-2025,1,DIST-N-0142,DEP-LKO-06,SUV-DP-500G,3402,80.596,8.831,KG,99.00,74.93,73130.41,5501,2193.91,206.53,18.00,12731.39,83461.36,BATCH_OMS,06-APR-2025 07:49:54,BATCH_OMS,06-APR-2025 13:34:54,Y,N
512884977,88512891,BCPL/26/LKO/0034251,06-APR-2025,2,DIST-N-0142,DEP-LKO-06,SUV-DP-500G,3402,17.332,20.249,KG,99.00,73.03,16667.86,,0.00,0.00,18.00,3000.21,19668.07,BATCH_OMS,06-APR-2025 07:49:54,BATCH_OMS,06-APR-2025 13:20:54,Y,N
512884980,88512891,BCPL/26/LKO/0034251,06-APR-2025,3,DIST-N-0142,DEP-LKO-06,SUV-DB-250G,3402,48.910,15.694,EA,32.00,22.04,13281.61,,0.00,0.00,18.00,2390.69,15672.30,BATCH_OMS,06-APR-2025 07:49:54,BATCH_OMS,06-APR-2025 13:35:54,Y,Y
512884981,88512894,BCPL/26/HYD/0034427,17-DEC-2025,1,DIST-S-0318,DEP-HYD-10,NMB-DB-190G,3402,68.657,20.293,EA,22.00,15.88,13405.53,5533,268.11,0.00,18.00,2364.74,15502.16,BATCH_OMS,17-DEC-2025 05:23:52,BATCH_OMS,17-DEC-2025 10:56:52,Y,Y
512884984,88512894,BCPL/26/HYD/0034427,17-DEC-2025,2,DIST-S-0318,DEP-HYD-10,NMB-DB-190G,3402,16.740,46.366,EA,22.00,16.75,4141.37,,0.00,0.00,18.00,745.45,4886.82,BATCH_OMS,17-DEC-2025 05:23:52,BATCH_OMS,17-DEC-2025 11:09:52,Y,N
512884987,88512894,BCPL/26/HYD/0034427,17-DEC-2025,3,DIST-S-0318,DEP-HYD-10,TRG-TEA-1KG,0902,105.603,11.926,KG,540.00,433.31,554273.69,,0.00,0.00,5.00,27713.68,581987.37,BATCH_OMS,17-DEC-2025 05:23:52,BATCH_OMS,17-DEC-2025 11:02:52,Y,N
512884988,88512895,BCPL/26/DEL/0034206,03-JUN-2025,1,DIST-N-0187,DEP-DEL-04,SUV-DP-1KG,3402,89.237,10.659,KG,185.00,147.75,159792.07,,0.00,0.00,18.00,28762.57,188554.64,BATCH_OMS,03-JUN-2025 11:54:14,BATCH_OMS,03-JUN-2025 17:36:14,Y,N
512884989,88512900,BCPL/26/GUW/0034411,15-FEB-2026,1,DIST-E-0409,DEP-GUW-12,KSG-HO-200ML,3305,24.484,27.045,LT,165.00,117.64,37745.15,5540,943.63,115.96,18.00,6603.40,43288.96,BATCH_OMS,15-FEB-2026 06:05:17,BATCH_OMS,15-FEB-2026 11:46:17,Y,N
512884993,88512900,BCPL/26/GUW/0034411,15-FEB-2026,2,DIST-E-0409,DEP-GUW-12,KSG-HO-200ML,3305,59.950,22.702,LT,165.00,113.88,84510.58,5540,2112.76,0.00,18.00,14831.61,97229.43,BATCH_OMS,15-FEB-2026 06:05:17,BATCH_OMS,15-FEB-2026 11:49:17,Y,N
512884994,88512903,BCPL/26/KOL/0034487,02-FEB-2026,1,DIST-E-0409,DEP-KOL-11,SUV-DP-500G,3402,12.318,5.503,KG,99.00,76.91,11791.76,,0.00,0.00,18.00,2122.52,13914.28,SFA_IFACE,02-FEB-2026 10:29:27,SFA_IFACE,02-FEB-2026 16:09:27,Y,N
512884999,88512903,BCPL/26/KOL/0034487,02-FEB-2026,2,DIST-E-0409,DEP-KOL-11,NMB-DW-500ML,3402,16.390,45.584,LT,129.00,92.82,22486.94,,0.00,0.00,18.00,4047.65,26534.59,BATCH_OMS,02-FEB-2026 10:29:27,BATCH_OMS,02-FEB-2026 16:12:27,Y,N
512885001,88512903,BCPL/26/KOL/0034487,02-FEB-2026,3,DIST-E-0409,DEP-KOL-11,NMB-DB-190G,3402,52.187,23.405,EA,22.00,17.11,11115.49,,0.00,0.00,18.00,2000.79,13116.28,BATCH_OMS,02-FEB-2026 10:29:27,BATCH_OMS,02-FEB-2026 16:06:27,Y,N
512885006,88512904,BCPL/26/GUW/0034440,16-OCT-2025,1,DIST-E-0409,DEP-GUW-12,SUV-DP-1KG,3402,14.692,20.545,KG,185.00,132.05,25993.91,5501,779.82,0.00,18.00,4538.54,29752.63,SFA_IFACE,16-OCT-2025 10:31:27,SFA_IFACE,16-OCT-2025 16:03:27,Y,N
512885009,88512904,BCPL/26/GUW/0034440,16-OCT-2025,2,DIST-E-0409,DEP-GUW-12,SUV-DP-500G,3402,33.695,10.764,KG,99.00,71.82,29812.77,,0.00,0.00,18.00,5366.30,35179.07,BATCH_OMS,16-OCT-2025 10:31:27,BATCH_OMS,16-OCT-2025 16:04:27,Y,N
512885010,88512909,BCPL/26/CHD/0034392,27-FEB-2026,1,DIST-N-0142,DEP-CHD-07,SUV-DP-500G,3402,47.207,22.877,KG,99.00,67.73,39917.42,,0.00,0.00,18.00,7185.14,47102.56,BATCH_OMS,27-FEB-2026 09:48:48,BATCH_OMS,27-FEB-2026 15:23:48,Y,N
512885013,88512909,BCPL/26/CHD/0034392,27-FEB-2026,2,DIST-N-0142,DEP-CHD-07,CHD-SP-100G,3401,72.886,24.404,EA,45.00,30.96,27834.15,,0.00,0.00,12.00,3340.10,31174.25,BATCH_OMS,27-FEB-2026 09:48:48,BATCH_OMS,27-FEB-2026 15:25:48,Y,N
512885014,88512911,BCPL/26/MUM/0034372,07-JAN-2026,1,DIST-W-0241,DEP-MUM-01,SUV-DP-1KG,3402,85.806,9.345,KG,185.00,129.95,135020.26,,0.00,0.00,18.00,24303.65,159323.91,BATCH_OMS,07-JAN-2026 03:36:42,BATCH_OMS,07-JAN-2026 09:22:42,Y,N
512885015,88512912,BCPL/26/JAI/0034347,04-DEC-2025,1,DIST-N-0142,DEP-JAI-05,TRG-TEA-250G,0902,68.746,12.928,KG,145.00,108.27,90717.27,5522,3175.10,0.00,5.00,4377.11,91919.28,BATCH_OMS,04-DEC-2025 08:17:48,BATCH_OMS,04-DEC-2025 13:58:48,Y,N
512885020,88512912,BCPL/26/JAI/0034347,04-DEC-2025,2,DIST-N-0142,DEP-JAI-05,NMB-DW-500ML,3402,49.707,18.188,LT,129.00,95.48,58688.88,,0.00,0.00,18.00,10564.00,69252.88,BATCH_OMS,04-DEC-2025 08:17:48,BATCH_OMS,04-DEC-2025 14:01:48,Y,N
512885023,88512917,BCPL/26/MUM/0034408,20-MAR-2026,1,DIST-W-0233,DEP-MUM-01,NMB-DB-190G,3402,105.825,18.019,EA,22.00,17.82,22950.72,,0.00,0.00,18.00,4131.13,27081.85,BATCH_OMS,20-MAR-2026 05:32:06,BATCH_OMS,20-MAR-2026 11:04:06,Y,N
512885025,88512921,BCPL/26/KOL/0034493,09-JAN-2026,1,DIST-E-0409,DEP-KOL-11,TRG-TEA-250G,0902,70.584,25.482,KG,145.00,100.41,87606.72,5522,3066.24,0.00,5.00,4227.02,88767.50,BATCH_OMS,09-JAN-2026 08:40:02,BATCH_OMS,09-JAN-2026 14:14:02,Y,N
512885028,88512921,BCPL/26/KOL/0034493,09-JAN-2026,2,DIST-E-0409,DEP-KOL-11,SUV-DP-1KG,3402,57.607,31.455,KG,185.00,142.10,102701.21,,0.00,338.90,18.00,18425.22,120787.53,BATCH_OMS,09-JAN-2026 08:40:02,BATCH_OMS,09-JAN-2026 14:24:02,Y,N
512885031,88512926,BCPL/26/GUW/0034453,14-JUL-2025,1,DIST-E-0417,DEP-GUW-12,KSG-HO-100ML,3305,68.015,16.271,LT,92.00,75.43,62791.78,,0.00,0.00,18.00,11302.52,74094.30,BATCH_OMS,14-JUL-2025 09:11:36,BATCH_OMS,14-JUL-2025 14:41:36,Y,N
512885033,88512926,BCPL/26/GUW/0034453,14-JUL-2025,2,DIST-E-0417,DEP-GUW-12,NMB-DW-500ML,3402,88.299,27.877,LT,129.00,91.28,99263.81,,0.00,0.00,18.00,17867.49,117131.30,BATCH_OMS,14-JUL-2025 09:11:36,BATCH_OMS,14-JUL-2025 14:51:36,Y,N
512885036,88512926,BCPL/26/GUW/0034453,14-JUL-2025,3,DIST-E-0417,DEP-GUW-12,SUV-DP-500G,3402,44.773,35.705,KG,99.00,72.91,41776.04,,0.00,0.00,18.00,7519.69,49295.73,SFA_IFACE,14-JUL-2025 09:11:36,SFA_IFACE,14-JUL-2025 14:47:36,Y,N
512885039,88512930,BCPL/26/KOL/0034521,19-MAY-2025,1,DIST-E-0417,DEP-KOL-11,KSG-HO-100ML,3305,63.872,35.266,LT,92.00,67.81,54365.31,5540,1359.13,0.00,18.00,9541.11,62547.29,BATCH_OMS,19-MAY-2025 05:29:19,BATCH_OMS,19-MAY-2025 11:02:19,Y,N
512885044,88512933,BCPL/26/JAI/0034358,10-MAR-2026,1,DIST-N-0142,DEP-JAI-05,SUV-DB-250G,3402,94.296,46.181,EA,32.00,22.28,26239.89,,0.00,0.00,18.00,4723.18,30963.07,BATCH_OMS,10-MAR-2026 09:51:54,BATCH_OMS,10-MAR-2026 15:24:54,Y,N
512885049,88512939,BCPL/26/LKO/0034258,12-NOV-2025,1,DIST-N-0187,DEP-LKO-06,RKS-HW-200ML,3808,29.870,38.462,LT,99.00,67.92,26957.58,,0.00,0.00,18.00,4852.36,31809.94,SFA_IFACE,12-NOV-2025 09:33:39,SFA_IFACE,12-NOV-2025 15:07:39,Y,N
512885052,88512939,BCPL/26/LKO/0034258,12-NOV-2025,2,DIST-N-0187,DEP-LKO-06,NMB-DB-190G,3402,71.060,1.157,EA,22.00,17.11,14609.84,,0.00,0.00,18.00,2629.77,17239.61,BATCH_OMS,12-NOV-2025 09:33:39,BATCH_OMS,12-NOV-2025 15:10:39,Y,N
512885055,88512940,BCPL/26/DEL/0034220,19-MAY-2025,1,DIST-N-0187,DEP-DEL-04,NMB-DB-190G,3402,43.632,44.973,EA,22.00,17.29,9830.35,,0.00,0.00,18.00,1769.46,11599.81,BATCH_OMS,19-MAY-2025 13:54:31,BATCH_OMS,19-MAY-2025 19:33:31,Y,N
512885059,88512945,BCPL/26/HYD/0034436,03-SEP-2025,1,DIST-S-0352,DEP-HYD-10,RKS-HW-200ML,3808,3.148,42.343,LT,99.00,73.96,5925.60,,0.00,0.00,18.00,1066.61,6992.21,BATCH_OMS,03-SEP-2025 13:27:18,BATCH_OMS,03-SEP-2025 19:12:18,Y,N
512885060,88512945,BCPL/26/HYD/0034436,03-SEP-2025,2,DIST-S-0352,DEP-HYD-10,CHD-SP-4X100G,3401,24.648,16.405,EA,168.00,124.64,38910.24,,0.00,0.00,18.00,7003.84,45914.08,SFA_IFACE,03-SEP-2025 13:27:18,SFA_IFACE,03-SEP-2025 19:05:18,Y,N
512885061,88512951,BCPL/26/HYD/0034472,22-MAR-2026,1,DIST-S-0318,DEP-HYD-10,SUV-DP-1KG,3402,71.044,44.678,KG,185.00,133.17,119480.92,,0.00,0.00,18.00,21506.57,140987.49,SFA_IFACE,22-MAR-2026 12:03:39,SFA_IFACE,22-MAR-2026 17:35:39,Y,N
512885066,88512951,BCPL/26/HYD/0034472,22-MAR-2026,2,DIST-S-0318,DEP-HYD-10,NMB-DB-190G,3402,106.871,33.707,EA,22.00,15.13,19913.49,,0.00,0.00,18.00,3584.43,23497.92,BATCH_OMS,22-MAR-2026 12:03:39,BATCH_OMS,22-MAR-2026 17:37:39,Y,N
512885071,88512953,BCPL/26/LKO/0034263,22-MAR-2026,1,DIST-N-0142,DEP-LKO-06,TRG-TEA-1KG,0902,49.532,8.440,KG,540.00,434.63,262005.40,,0.00,0.00,5.00,13100.27,275105.67,BATCH_OMS,22-MAR-2026 04:24:50,BATCH_OMS,22-MAR-2026 10:05:50,Y,N
512885076,88512957,BCPL/26/BLR/0034147,22-JUL-2025,1,DIST-S-0352,DEP-BLR-08,TRG-TEA-1KG,0902,119.057,9.102,KG,540.00,407.87,586429.78,5522,20525.04,0.00,5.00,28295.24,594199.98,BATCH_OMS,22-JUL-2025 07:30:35,BATCH_OMS,22-JUL-2025 13:16:35,Y,N
512885080,88512960,BCPL/26/BLR/0034164,07-AUG-2025,1,DIST-S-0352,DEP-BLR-08,RKS-HW-200ML,3808,104.420,36.118,LT,99.00,80.72,104060.83,,0.00,0.00,18.00,18730.95,122791.78,BATCH_OMS,07-AUG-2025 07:10:07,BATCH_OMS,07-AUG-2025 12:46:07,Y,N
512885082,88512962,BCPL/26/KOL/0034568,18-JUN-2025,1,DIST-E-0409,DEP-KOL-11,SUV-DP-500G,3402,55.622,22.800,KG,99.00,80.44,55524.84,5501,1665.75,0.00,18.00,9694.64,63553.73,BATCH_OMS,18-JUN-2025 11:45:14,BATCH_OMS,18-JUN-2025 17:27:14,Y,N
512885085,88512968,BCPL/26/AHM/0034293,17-DEC-2025,1,DIST-W-0233,DEP-AHM-03,SUV-DP-1KG,3402,10.479,42.250,KG,185.00,129.22,21708.70,,0.00,0.00,18.00,3907.57,25616.27,BATCH_OMS,17-DEC-2025 06:50:09,BATCH_OMS,17-DEC-2025 12:24:09,Y,N
512885086,88512969,BCPL/26/CHD/0034435,24-AUG-2025,1,DIST-N-0142,DEP-CHD-07,SUV-DP-1KG,3402,8.517,4.672,KG,185.00,128.05,13685.47,,0.00,85.05,18.00,2448.08,16048.50,BATCH_OMS,24-AUG-2025 04:16:04,BATCH_OMS,24-AUG-2025 09:48:04,Y,N
512885091,88512969,BCPL/26/CHD/0034435,24-AUG-2025,2,DIST-N-0142,DEP-CHD-07,CHD-SP-4X100G,3401,35.550,14.143,EA,168.00,126.88,55921.47,,0.00,0.00,18.00,10065.86,65987.33,BATCH_OMS,24-AUG-2025 04:16:04,BATCH_OMS,24-AUG-2025 09:46:04,Y,N
512885093,88512969,BCPL/26/CHD/0034435,24-AUG-2025,3,DIST-N-0142,DEP-CHD-07,NMB-DW-500ML,3402,70.857,22.829,LT,129.00,103.43,90306.08,,0.00,570.07,18.00,16152.48,105888.49,SFA_IFACE,24-AUG-2025 04:16:04,SFA_IFACE,24-AUG-2025 09:57:04,Y,N
512885094,88512972,BCPL/26/JAI/0034386,28-FEB-2026,1,DIST-N-0187,DEP-JAI-05,SUV-DP-1KG,3402,33.942,21.183,KG,185.00,149.84,64204.49,,0.00,0.00,18.00,11556.81,75761.30,BATCH_OMS,28-FEB-2026 13:18:31,BATCH_OMS,28-FEB-2026 18:57:31,Y,N
512885098,88512977,BCPL/26/HYD/0034517,06-SEP-2025,1,DIST-S-0352,DEP-HYD-10,TRG-TEA-1KG,0902,40.773,40.824,KG,540.00,378.10,200430.81,,0.00,0.00,5.00,10021.54,210452.35,BATCH_OMS,06-SEP-2025 06:21:44,BATCH_OMS,06-SEP-2025 11:59:44,Y,Y
512885100,88512979,BCPL/26/PUN/0034350,30-DEC-2025,1,DIST-W-0241,DEP-PUN-02,SUV-DP-1KG,3402,103.646,36.858,KG,185.00,131.10,167887.97,,0.00,706.52,18.00,30092.66,197274.11,BATCH_OMS,30-DEC-2025 09:06:15,BATCH_OMS,30-DEC-2025 14:48:15,Y,N
512885103,88512979,BCPL/26/PUN/0034350,30-DEC-2025,2,DIST-W-0241,DEP-PUN-02,SUV-DP-1KG,3402,30.364,40.718,KG,185.00,146.83,59478.78,,0.00,0.00,18.00,10706.18,70184.96,BATCH_OMS,30-DEC-2025 09:06:15,BATCH_OMS,30-DEC-2025 14:56:15,Y,N
512885105,88512984,BCPL/26/JAI/0034405,30-DEC-2025,1,DIST-N-0142,DEP-JAI-05,NMB-DW-500ML,3402,66.808,27.865,LT,129.00,98.44,81661.98,,0.00,698.55,18.00,14573.42,95536.85,SFA_IFACE,30-DEC-2025 09:01:48,SFA_IFACE,30-DEC-2025 14:41:48,Y,N
512885110,88512984,BCPL/26/JAI/0034405,30-DEC-2025,2,DIST-N-0142,DEP-JAI-05,NMB-DW-500ML,3402,91.537,6.022,LT,129.00,95.08,105012.63,,0.00,0.00,18.00,18902.27,123914.90,BATCH_OMS,30-DEC-2025 09:01:48,BATCH_OMS,30-DEC-2025 14:33:48,Y,N
512885114,88512984,BCPL/26/JAI/0034405,30-DEC-2025,3,DIST-N-0142,DEP-JAI-05,KSG-HO-200ML,3305,60.736,11.991,LT,165.00,114.31,84683.48,,0.00,0.00,18.00,15243.03,99926.51,BATCH_OMS,30-DEC-2025 09:01:48,BATCH_OMS,30-DEC-2025 14:47:48,Y,N
512885115,88512989,BCPL/26/KOL/0034614,27-AUG-2025,1,DIST-E-0417,DEP-KOL-11,NMB-DB-190G,3402,12.093,16.627,EA,22.00,15.10,2442.32,,0.00,0.00,18.00,439.62,2881.94,BATCH_OMS,27-AUG-2025 10:28:30,BATCH_OMS,27-AUG-2025 16:14:30,Y,N
512885120,88512992,BCPL/26/PUN/0034385,14-JUL-2025,1,DIST-W-0233,DEP-PUN-02,TRG-TEA-1KG,0902,2.440,12.832,KG,540.00,395.91,16672.56,,0.00,0.00,5.00,833.63,17506.19,BATCH_OMS,14-JUL-2025 13:33:41,BATCH_OMS,14-JUL-2025 19:05:41,Y,N
512885121,88512992,BCPL/26/PUN/0034385,14-JUL-2025,2,DIST-W-0233,DEP-PUN-02,KSG-HO-100ML,3305,65.573,15.001,LT,92.00,62.57,50173.44,,0.00,0.00,18.00,9031.22,59204.66,SFA_IFACE,14-JUL-2025 13:33:41,SFA_IFACE,14-JUL-2025 19:03:41,Y,N
512885124,88512993,BCPL/26/DEL/0034246,26-JAN-2026,1,DIST-N-0187,DEP-DEL-04,SUV-DP-1KG,3402,41.359,36.241,KG,185.00,139.16,74109.52,5501,2223.29,0.00,18.00,12939.52,84825.75,BATCH_OMS,26-JAN-2026 10:07:30,BATCH_OMS,26-JAN-2026 15:52:30,Y,N
512885129,88512993,BCPL/26/DEL/0034246,26-JAN-2026,2,DIST-N-0187,DEP-DEL-04,SUV-DP-500G,3402,41.935,16.637,KG,99.00,68.62,35672.59,,0.00,0.00,18.00,6421.07,42093.66,BATCH_OMS,26-JAN-2026 10:07:30,SFA_IFACE,26-JAN-2026 15:49:30,Y,N
512885131,88512994,BCPL/26/KOL/0034652,06-JAN-2026,1,DIST-E-0409,DEP-KOL-11,SUV-DP-1KG,3402,75.059,34.093,KG,185.00,139.45,130358.00,,0.00,0.00,18.00,23464.44,153822.44,SFA_IFACE,06-JAN-2026 08:54:50,SFA_IFACE,06-JAN-2026 14:25:50,Y,N
512885133,88512994,BCPL/26/KOL/0034652,06-JAN-2026,2,DIST-E-0409,DEP-KOL-11,NMB-DB-190G,3402,61.797,30.043,EA,22.00,16.15,12461.45,,0.00,0.00,18.00,2243.06,14704.51,SFA_IFACE,06-JAN-2026 08:54:50,SFA_IFACE,06-JAN-2026 14:32:50,Y,N
512885135,88512994,BCPL/26/KOL/0034652,06-JAN-2026,3,DIST-E-0409,DEP-KOL-11,KSG-HO-100ML,3305,96.185,36.656,LT,92.00,71.32,84933.28,5540,2123.33,0.00,18.00,14905.79,97715.74,BATCH_OMS,06-JAN-2026 08:54:50,BATCH_OMS,06-JAN-2026 14:24:50,Y,N
512885140,88512996,BCPL/26/CHE/0034190,30-JUL-2025,1,DIST-S-0318,DEP-CHE-09,SUV-DP-500G,3402,103.701,39.837,KG,99.00,70.33,90321.23,,0.00,0.00,18.00,16257.82,106579.05,BATCH_OMS,30-JUL-2025 05:02:41,BATCH_OMS,30-JUL-2025 10:47:41,Y,N
512885141,88512996,BCPL/26/CHE/0034190,30-JUL-2025,2,DIST-S-0318,DEP-CHE-09,KSG-HO-100ML,3305,31.225,39.579,LT,92.00,73.33,30379.08,,0.00,0.00,18.00,5468.23,35847.31,BATCH_OMS,30-JUL-2025 05:02:41,BATCH_OMS,30-JUL-2025 10:42:41,Y,N
512885143,88512999,BCPL/26/MUM/0034442,19-NOV-2025,1,DIST-W-0233,DEP-MUM-01,NMB-DW-500ML,3402,24.874,22.425,LT,129.00,90.60,29074.72,,0.00,0.00,18.00,5233.45,34308.17,BATCH_OMS,19-NOV-2025 11:07:51,BATCH_OMS,19-NOV-2025 16:39:51,Y,N
512885148,88512999,BCPL/26/MUM/0034442,19-NOV-2025,2,DIST-W-0233,DEP-MUM-01,SUV-DB-250G,3402,103.561,0.646,EA,32.00,24.45,30400.59,,0.00,0.00,18.00,5472.11,35872.70,SFA_IFACE,19-NOV-2025 11:07:51,SFA_IFACE,19-NOV-2025 16:49:51,Y,N
512885151,88513005,BCPL/26/CHE/0034199,12-SEP-2025,1,DIST-S-0318,DEP-CHE-09,SUV-DP-500G,3402,72.587,25.125,KG,99.00,74.26,66549.51,,0.00,0.00,18.00,11978.91,78528.42,BATCH_OMS,12-SEP-2025 06:14:59,BATCH_OMS,12-SEP-2025 12:03:59,Y,N
512885152,88513005,BCPL/26/CHE/0034199,12-SEP-2025,2,DIST-S-0318,DEP-CHE-09,SUV-DP-1KG,3402,25.416,35.617,KG,185.00,141.82,48305.17,,0.00,0.00,18.00,8694.93,57000.10,SFA_IFACE,12-SEP-2025 06:14:59,SFA_IFACE,12-SEP-2025 11:59:59,Y,N
512885155,88513006,BCPL/26/MUM/0034461,06-SEP-2025,1,DIST-W-0241,DEP-MUM-01,KSG-HO-100ML,3305,76.836,5.606,LT,92.00,66.72,61892.01,5540,1547.30,0.00,18.00,10862.05,71206.76,BATCH_OMS,06-SEP-2025 11:16:01,BATCH_OMS,06-SEP-2025 16:54:01,Y,N
512885156,88513007,BCPL/26/JAI/0034412,25-OCT-2025,1,DIST-N-0142,DEP-JAI-05,SUV-DB-250G,3402,57.833,18.833,EA,32.00,24.79,17671.03,5501,530.13,0.00,18.00,3085.36,20226.26,BATCH_OMS,25-OCT-2025 09:44:44,BATCH_OMS,25-OCT-2025 15:15:44,Y,N
512885157,88513013,BCPL/26/PUN/0034431,13-FEB-2026,1,DIST-W-0233,DEP-PUN-02,KSG-HO-200ML,3305,98.830,6.634,LT,165.00,122.91,146581.73,5540,3664.54,0.00,18.00,25725.09,168642.28,BATCH_OMS,13-FEB-2026 03:56:48,BATCH_OMS,13-FEB-2026 09:26:48,Y,N
512885162,88513013,BCPL/26/PUN/0034431,13-FEB-2026,2,DIST-W-0233,DEP-PUN-02,NMB-DW-500ML,3402,20.967,45.788,LT,129.00,105.54,31386.75,,0.00,0.00,18.00,5649.61,37036.36,BATCH_OMS,13-FEB-2026 03:56:48,BATCH_OMS,13-FEB-2026 09:40:48,Y,N
512885166,88513017,BCPL/26/KOL/0034663,14-JUL-2025,1,DIST-E-0417,DEP-KOL-11,KSG-HO-100ML,3305,88.630,13.299,LT,92.00,67.62,72817.21,,0.00,0.00,18.00,13107.10,85924.31,SFA_IFACE,14-JUL-2025 11:47:16,SFA_IFACE,14-JUL-2025 17:23:16,Y,N
512885170,88513018,BCPL/26/KOL/0034709,13-DEC-2025,1,DIST-E-0417,DEP-KOL-11,SUV-DP-500G,3402,58.674,30.385,KG,99.00,68.32,50179.20,,0.00,0.00,18.00,9032.26,59211.46,SFA_IFACE,13-DEC-2025 06:44:23,SFA_IFACE,13-DEC-2025 12:20:23,Y,N
512885174,88513018,BCPL/26/KOL/0034709,13-DEC-2025,2,DIST-E-0417,DEP-KOL-11,KSG-HO-200ML,3305,9.195,37.651,LT,165.00,117.00,17314.95,,0.00,0.00,18.00,3116.69,20431.64,BATCH_OMS,13-DEC-2025 06:44:23,BATCH_OMS,13-DEC-2025 12:25:23,Y,N
512885179,88513018,BCPL/26/KOL/0034709,13-DEC-2025,3,DIST-E-0417,DEP-KOL-11,RKS-HW-200ML,3808,117.068,42.150,LT,99.00,72.14,104384.13,,0.00,0.00,18.00,18789.14,123173.27,BATCH_OMS,13-DEC-2025 06:44:23,BATCH_OMS,13-DEC-2025 12:30:23,Y,N
512885184,88513023,BCPL/26/CHE/0034224,02-SEP-2025,1,DIST-S-0318,DEP-CHE-09,NMB-DB-190G,3402,14.629,33.643,EA,22.00,16.56,3464.20,,0.00,32.59,18.00,617.69,4049.30,SFA_IFACE,02-SEP-2025 12:56:22,SFA_IFACE,02-SEP-2025 18:33:22,Y,N
512885187,88513027,BCPL/26/KOL/0034742,08-DEC-2025,1,DIST-E-0417,DEP-KOL-11,TRG-TEA-1KG,0902,37.613,34.855,KG,540.00,368.99,179407.00,5522,6279.24,0.00,5.00,8656.39,181784.15,SFA_IFACE,08-DEC-2025 05:16:47,SFA_IFACE,08-DEC-2025 10:48:47,Y,N
512885192,88513027,BCPL/26/KOL/0034742,08-DEC-2025,2,DIST-E-0417,DEP-KOL-11,SUV-DP-500G,3402,71.448,30.256,KG,99.00,72.16,64051.53,,0.00,0.00,18.00,11529.28,75580.81,SFA_IFACE,08-DEC-2025 05:16:47,SFA_IFACE,08-DEC-2025 10:46:47,Y,N
512885195,88513030,BCPL/26/DEL/0034268,23-FEB-2026,1,DIST-N-0187,DEP-DEL-04,KSG-HO-100ML,3305,97.575,11.624,LT,92.00,73.64,87081.07,,0.00,0.00,18.00,15674.59,102755.66,BATCH_OMS,23-FEB-2026 10:25:49,BATCH_OMS,23-FEB-2026 16:10:49,Y,N
512885199,88513030,BCPL/26/DEL/0034268,23-FEB-2026,2,DIST-N-0187,DEP-DEL-04,KSG-HO-200ML,3305,22.657,40.116,LT,165.00,113.12,35293.44,,0.00,0.00,18.00,6352.82,41646.26,BATCH_OMS,23-FEB-2026 10:25:49,BATCH_OMS,23-FEB-2026 16:09:49,Y,Y
512885200,88513030,BCPL/26/DEL/0034268,23-FEB-2026,3,DIST-N-0187,DEP-DEL-04,TRG-TEA-1KG,0902,3.127,14.259,KG,540.00,400.66,20747.38,,0.00,0.00,5.00,1037.37,21784.75,BATCH_OMS,23-FEB-2026 10:25:49,BATCH_OMS,23-FEB-2026 16:01:49,Y,N
512885203,88513034,BCPL/26/CHD/0034458,28-JUN-2025,1,DIST-N-0142,DEP-CHD-07,SUV-DB-250G,3402,96.219,11.833,EA,32.00,24.82,28951.56,5501,868.55,0.00,18.00,5054.94,33137.95,BATCH_OMS,28-JUN-2025 11:37:31,BATCH_OMS,28-JUN-2025 17:20:31,Y,N
512885205,88513035,BCPL/26/BLR/0034178,26-FEB-2026,1,DIST-S-0318,DEP-BLR-08,SUV-DP-1KG,3402,11.626,17.641,KG,185.00,127.77,20079.44,,0.00,0.00,18.00,3614.30,23693.74,SFA_IFACE,26-FEB-2026 07:19:30,SFA_IFACE,26-FEB-2026 12:54:30,Y,N
512885209,88513037,BCPL/26/LKO/0034303,26-DEC-2025,1,DIST-N-0187,DEP-LKO-06,KSG-HO-100ML,3305,52.694,30.104,LT,92.00,75.31,49887.75,5540,1247.19,0.00,18.00,8755.30,57395.86,BATCH_OMS,26-DEC-2025 06:07:51,BATCH_OMS,26-DEC-2025 11:41:51,Y,Y
512885210,88513037,BCPL/26/LKO/0034303,26-DEC-2025,2,DIST-N-0187,DEP-LKO-06,NMB-DW-500ML,3402,25.203,29.464,LT,129.00,92.41,30670.88,,0.00,252.13,18.00,5475.38,35894.13,BATCH_OMS,26-DEC-2025 06:07:51,BATCH_OMS,26-DEC-2025 11:57:51,Y,N
512885213,88513037,BCPL/26/LKO/0034303,26-DEC-2025,3,DIST-N-0187,DEP-LKO-06,SUV-DP-500G,3402,54.886,20.488,KG,99.00,73.12,49657.25,5501,1489.72,0.00,18.00,8670.16,56837.69,BATCH_OMS,26-DEC-2025 06:07:51,BATCH_OMS,26-DEC-2025 11:37:51,Y,N
512885214,88513040,BCPL/26/HYD/0034559,12-JUL-2025,1,DIST-S-0352,DEP-HYD-10,KSG-HO-200ML,3305,102.570,43.462,LT,165.00,122.44,156025.54,,0.00,0.00,18.00,28084.60,184110.14,BATCH_OMS,12-JUL-2025 04:03:16,BATCH_OMS,12-JUL-2025 09:53:16,Y,N
512885215,88513040,BCPL/26/HYD/0034559,12-JUL-2025,2,DIST-S-0352,DEP-HYD-10,TRG-TEA-1KG,0902,16.975,14.360,KG,540.00,433.67,94566.08,5522,3309.81,0.00,5.00,4562.81,95819.08,BATCH_OMS,12-JUL-2025 04:03:16,SFA_IFACE,12-JUL-2025 09:50:16,Y,N
512885219,88513045,BCPL/26/JAI/0034437,04-DEC-2025,1,DIST-N-0142,DEP-JAI-05,KSG-HO-100ML,3305,55.620,20.459,LT,92.00,63.84,43915.47,5540,1097.89,0.00,18.00,7707.16,50524.74,BATCH_OMS,04-DEC-2025 12:33:17,BATCH_OMS,04-DEC-2025 18:04:17,Y,N
512885223,88513049,BCPL/26/GUW/0034461,12-AUG-2025,1,DIST-E-0409,DEP-GUW-12,SUV-DB-250G,3402,110.977,44.345,EA,32.00,26.16,35997.97,5501,1079.94,0.00,18.00,6285.25,41203.28,BATCH_OMS,12-AUG-2025 13:26:34,BATCH_OMS,12-AUG-2025 18:56:34,Y,N
512885227,88513049,BCPL/26/GUW/0034461,12-AUG-2025,2,DIST-E-0409,DEP-GUW-12,KSG-HO-200ML,3305,99.319,7.554,LT,165.00,131.21,157370.91,5540,3934.27,0.00,18.00,27618.60,181055.24,BATCH_OMS,12-AUG-2025 13:26:34,BATCH_OMS,12-AUG-2025 19:06:34,Y,N
512885230,88513050,BCPL/26/CHE/0034240,20-MAY-2025,1,DIST-S-0352,DEP-CHE-09,SUV-DP-500G,3402,88.630,24.903,KG,99.00,73.88,80415.65,,0.00,0.00,18.00,14474.82,94890.47,BATCH_OMS,20-MAY-2025 07:46:01,BATCH_OMS,20-MAY-2025 13:22:01,Y,N
512885233,88513056,BCPL/26/KOL/0034767,27-MAY-2025,1,DIST-E-0417,DEP-KOL-11,KSG-HO-200ML,3305,49.246,28.370,LT,165.00,116.27,72008.57,,0.00,0.00,18.00,12961.54,84970.11,BATCH_OMS,27-MAY-2025 03:42:19,BATCH_OMS,27-MAY-2025 09:20:19,Y,N
512885235,88513056,BCPL/26/KOL/0034767,27-MAY-2025,2,DIST-E-0417,DEP-KOL-11,KSG-HO-200ML,3305,41.025,6.160,LT,165.00,132.54,66065.89,5540,1651.65,0.00,18.00,11594.56,76008.80,BATCH_OMS,27-MAY-2025 03:42:19,BATCH_OMS,27-MAY-2025 09:21:19,Y,N
512885236,88513059,BCPL/26/CHE/0034259,21-SEP-2025,1,DIST-S-0318,DEP-CHE-09,KSG-HO-100ML,3305,1.305,18.548,LT,92.00,69.01,2360.69,5540,59.02,0.00,18.00,414.30,2715.97,BATCH_OMS,21-SEP-2025 07:50:35,BATCH_OMS,21-SEP-2025 13:38:35,Y,Y
512885237,88513064,BCPL/26/PUN/0034458,19-SEP-2025,1,DIST-W-0241,DEP-PUN-02,SUV-DP-500G,3402,34.244,21.739,KG,99.00,72.54,31385.66,5501,941.57,0.00,18.00,5479.94,35924.03,BATCH_OMS,19-SEP-2025 13:38:42,SFA_IFACE,19-SEP-2025 19:14:42,Y,N
512885240,88513064,BCPL/26/PUN/0034458,19-SEP-2025,2,DIST-W-0241,DEP-PUN-02,NMB-DW-500ML,3402,70.580,35.823,LT,129.00,96.10,84835.45,,0.00,0.00,18.00,15270.38,100105.83,BATCH_OMS,19-SEP-2025 13:38:42,BATCH_OMS,19-SEP-2025 19:22:42,Y,N
512885244,88513064,BCPL/26/PUN/0034458,19-SEP-2025,3,DIST-W-0241,DEP-PUN-02,NMB-DB-190G,3402,1.227,14.645,EA,22.00,15.29,449.05,,0.00,0.00,18.00,80.83,529.88,BATCH_OMS,19-SEP-2025 13:38:42,BATCH_OMS,19-SEP-2025 19:08:42,Y,N
512885248,88513067,BCPL/26/PUN/0034483,27-MAR-2026,1,DIST-W-0233,DEP-PUN-02,TRG-TEA-250G,0902,45.963,4.132,KG,145.00,110.10,61181.25,,0.00,0.00,5.00,3059.06,64240.31,BATCH_OMS,27-MAR-2026 10:49:55,BATCH_OMS,27-MAR-2026 16:22:55,Y,N
512885252,88513067,BCPL/26/PUN/0034483,27-MAR-2026,2,DIST-W-0233,DEP-PUN-02,SUV-DP-1KG,3402,113.077,44.255,KG,185.00,147.25,206323.61,5501,6189.71,0.00,18.00,36024.10,236158.00,BATCH_OMS,27-MAR-2026 10:49:55,BATCH_OMS,27-MAR-2026 16:23:55,Y,N
512885253,88513067,BCPL/26/PUN/0034483,27-MAR-2026,3,DIST-W-0233,DEP-PUN-02,KSG-HO-200ML,3305,51.721,38.362,LT,165.00,121.40,80004.30,,0.00,0.00,18.00,14400.77,94405.07,BATCH_OMS,27-MAR-2026 10:49:55,BATCH_OMS,27-MAR-2026 16:31:55,Y,N
512885257,88513068,BCPL/26/LKO/0034347,31-OCT-2025,1,DIST-N-0142,DEP-LKO-06,RKS-HW-200ML,3808,99.139,45.762,LT,99.00,74.36,91866.57,,0.00,342.64,18.00,16474.31,107998.24,BATCH_OMS,31-OCT-2025 10:40:54,BATCH_OMS,31-OCT-2025 16:28:54,Y,N
512885260,88513068,BCPL/26/LKO/0034347,31-OCT-2025,2,DIST-N-0142,DEP-LKO-06,RKS-HW-200ML,3808,100.386,46.597,LT,99.00,76.86,96169.46,,0.00,0.00,18.00,17310.50,113479.96,SFA_IFACE,31-OCT-2025 10:40:54,SFA_IFACE,31-OCT-2025 16:25:54,Y,Y
512885262,88513068,BCPL/26/LKO/0034347,31-OCT-2025,3,DIST-N-0142,DEP-LKO-06,TRG-TEA-250G,0902,67.274,24.183,KG,145.00,104.63,86996.81,5522,3044.89,0.00,5.00,4197.60,88149.52,BATCH_OMS,31-OCT-2025 10:40:54,BATCH_OMS,31-OCT-2025 16:26:54,Y,N
512885266,88513073,BCPL/26/JAI/0034475,01-JUN-2025,1,DIST-N-0142,DEP-JAI-05,NMB-DW-500ML,3402,39.644,15.653,LT,129.00,93.16,45777.05,,0.00,0.00,18.00,8239.87,54016.92,BATCH_OMS,01-JUN-2025 10:07:09,BATCH_OMS,01-JUN-2025 15:55:09,Y,N
512885271,88513074,BCPL/26/KOL/0034794,06-SEP-2025,1,DIST-E-0409,DEP-KOL-11,KSG-HO-200ML,3305,8.679,45.380,LT,165.00,118.70,17748.97,,0.00,0.00,18.00,3194.81,20943.78,BATCH_OMS,06-SEP-2025 09:39:39,BATCH_OMS,06-SEP-2025 15:29:39,Y,N
512885275,88513075,BCPL/26/PUN/0034523,04-NOV-2025,1,DIST-W-0233,DEP-PUN-02,CHD-SP-100G,3401,19.180,2.291,EA,45.00,35.70,8298.50,5514,331.94,0.00,12.00,955.99,8922.55,BATCH_OMS,04-NOV-2025 13:15:01,BATCH_OMS,04-NOV-2025 18:46:01,Y,N
512885278,88513075,BCPL/26/PUN/0034523,04-NOV-2025,2,DIST-W-0233,DEP-PUN-02,TRG-TEA-1KG,0902,24.759,22.236,KG,540.00,427.09,136388.63,,0.00,1085.07,5.00,6765.18,142068.74,BATCH_OMS,04-NOV-2025 13:15:01,BATCH_OMS,04-NOV-2025 19:05:01,Y,N
512885282,88513079,BCPL/26/CHE/0034296,05-AUG-2025,1,DIST-S-0352,DEP-CHE-09,KSG-HO-100ML,3305,37.077,14.390,LT,92.00,68.78,31591.62,,0.00,0.00,18.00,5686.49,37278.11,BATCH_OMS,05-AUG-2025 04:46:01,BATCH_OMS,05-AUG-2025 10:21:01,Y,N
512885283,88513082,BCPL/26/AHM/0034335,16-DEC-2025,1,DIST-W-0233,DEP-AHM-03,RKS-HW-200ML,3808,115.511,29.218,LT,99.00,76.50,108274.28,,0.00,0.00,18.00,19489.37,127763.65,BATCH_OMS,16-DEC-2025 11:11:26,BATCH_OMS,16-DEC-2025 16:43:26,Y,N
512885287,88513088,BCPL/26/CHE/0034301,28-OCT-2025,1,DIST-S-0318,DEP-CHE-09,NMB-DB-190G,3402,86.757,41.813,EA,22.00,17.09,18506.71,,0.00,0.00,18.00,3331.21,21837.92,BATCH_OMS,28-OCT-2025 11:43:02,BATCH_OMS,28-OCT-2025 17:21:02,Y,N
512885289,88513088,BCPL/26/CHE/0034301,28-OCT-2025,2,DIST-S-0318,DEP-CHE-09,NMB-DB-190G,3402,109.120,37.112,EA,22.00,16.00,21544.83,,0.00,188.03,18.00,3844.22,25201.02,BATCH_OMS,28-OCT-2025 11:43:02,BATCH_OMS,28-OCT-2025 17:23:02,Y,N
512885291,88513088,BCPL/26/CHE/0034301,28-OCT-2025,3,DIST-S-0318,DEP-CHE-09,KSG-HO-100ML,3305,26.094,16.372,LT,92.00,69.71,22969.45,,0.00,0.00,18.00,4134.50,27103.95,SFA_IFACE,28-OCT-2025 11:43:02,SFA_IFACE,28-OCT-2025 17:13:02,Y,N
512885294,88513091,BCPL/26/CHD/0034485,15-APR-2025,1,DIST-N-0142,DEP-CHD-07,TRG-TEA-250G,0902,56.410,37.903,KG,145.00,114.33,81725.71,,0.00,0.00,5.00,4086.29,85812.00,BATCH_OMS,15-APR-2025 04:43:58,BATCH_OMS,15-APR-2025 10:29:58,Y,N
512885296,88513092,BCPL/26/PUN/0034530,20-JUN-2025,1,DIST-W-0241,DEP-PUN-02,SUV-DP-500G,3402,117.393,5.915,KG,99.00,78.98,111727.56,,0.00,0.00,18.00,20110.96,131838.52,BATCH_OMS,20-JUN-2025 06:50:30,BATCH_OMS,20-JUN-2025 12:22:30,Y,Y
512885297,88513092,BCPL/26/PUN/0034530,20-JUN-2025,2,DIST-W-0241,DEP-PUN-02,TRG-TEA-1KG,0902,2.192,10.088,KG,540.00,407.58,14832.65,5522,519.14,0.00,5.00,715.68,15029.19,SFA_IFACE,20-JUN-2025 06:50:30,SFA_IFACE,20-JUN-2025 12:30:30,Y,N
512885299,88513095,BCPL/26/BLR/0034225,26-OCT-2025,1,DIST-S-0352,DEP-BLR-08,TRG-TEA-1KG,0902,19.957,28.595,KG,540.00,369.94,99173.15,5522,3471.06,0.00,5.00,4785.10,100487.19,BATCH_OMS,26-OCT-2025 06:20:50,BATCH_OMS,26-OCT-2025 11:57:50,Y,N
512885300,88513095,BCPL/26/BLR/0034225,26-OCT-2025,2,DIST-S-0352,DEP-BLR-08,TRG-TEA-250G,0902,59.039,30.990,KG,145.00,110.76,81902.37,5522,2866.58,0.00,5.00,3951.79,82987.58,BATCH_OMS,26-OCT-2025 06:20:50,BATCH_OMS,26-OCT-2025 12:00:50,Y,N
512885305,88513095,BCPL/26/BLR/0034225,26-OCT-2025,3,DIST-S-0352,DEP-BLR-08,SUV-DP-1KG,3402,55.329,14.322,KG,185.00,135.17,91681.76,5501,2750.45,0.00,18.00,16007.64,104938.95,BATCH_OMS,26-OCT-2025 06:20:50,BATCH_OMS,26-OCT-2025 11:54:50,Y,N
512885307,88513101,BCPL/26/MUM/0034500,12-NOV-2025,1,DIST-W-0241,DEP-MUM-01,SUV-DB-250G,3402,44.905,38.242,EA,32.00,21.81,12586.59,5501,377.60,0.00,18.00,2197.62,14406.61,BATCH_OMS,12-NOV-2025 12:43:03,BATCH_OMS,12-NOV-2025 18:33:03,Y,N
512885309,88513101,BCPL/26/MUM/0034500,12-NOV-2025,2,DIST-W-0241,DEP-MUM-01,CHD-SP-100G,3401,76.965,12.350,EA,45.00,34.81,32579.72,5514,1303.19,259.14,12.00,3722.09,34739.48,BATCH_OMS,12-NOV-2025 12:43:03,BATCH_OMS,12-NOV-2025 18:28:03,Y,N
512885314,88513106,BCPL/26/CHD/0034521,10-DEC-2025,1,DIST-N-0187,DEP-CHD-07,RKS-HW-200ML,3808,10.966,6.249,LT,99.00,79.72,10988.68,,0.00,0.00,18.00,1977.96,12966.64,BATCH_OMS,10-DEC-2025 11:49:48,BATCH_OMS,10-DEC-2025 17:26:48,Y,N
512885317,88513106,BCPL/26/CHD/0034521,10-DEC-2025,2,DIST-N-0187,DEP-CHD-07,KSG-HO-100ML,3305,33.268,42.874,LT,92.00,74.60,32979.91,,0.00,0.00,18.00,5936.38,38916.29,BATCH_OMS,10-DEC-2025 11:49:48,BATCH_OMS,10-DEC-2025 17:22:48,Y,N
512885322,88513111,BCPL/26/CHD/0034550,07-MAR-2026,1,DIST-N-0187,DEP-CHD-07,SUV-DP-1KG,3402,71.191,23.259,KG,185.00,143.93,126305.92,,0.00,0.00,18.00,22735.07,149040.99,BATCH_OMS,07-MAR-2026 08:38:28,BATCH_OMS,07-MAR-2026 14:26:28,Y,N
512885326,88513111,BCPL/26/CHD/0034550,07-MAR-2026,2,DIST-N-0187,DEP-CHD-07,SUV-DP-1KG,3402,67.392,21.829,KG,185.00,146.22,121440.54,,0.00,0.00,18.00,21859.30,143299.84,SFA_IFACE,07-MAR-2026 08:38:28,SFA_IFACE,07-MAR-2026 14:13:28,Y,N
512885327,88513114,BCPL/26/DEL/0034286,20-JAN-2026,1,DIST-N-0187,DEP-DEL-04,RKS-HW-200ML,3808,30.415,17.678,LT,99.00,75.56,28913.64,,0.00,220.21,18.00,5164.82,33858.25,BATCH_OMS,20-JAN-2026 07:30:45,BATCH_OMS,20-JAN-2026 13:08:45,Y,N
512885329,88513114,BCPL/26/DEL/0034286,20-JAN-2026,2,DIST-N-0187,DEP-DEL-04,TRG-TEA-250G,0902,51.554,16.300,KG,145.00,108.43,68847.41,,0.00,0.00,5.00,3442.37,72289.78,BATCH_OMS,20-JAN-2026 07:30:45,BATCH_OMS,20-JAN-2026 13:09:45,Y,N
512885330,88513116,BCPL/26/CHD/0034553,20-APR-2025,1,DIST-N-0187,DEP-CHD-07,TRG-TEA-250G,0902,26.457,1.280,KG,145.00,111.72,35612.31,,0.00,0.00,5.00,1780.62,37392.93,BATCH_OMS,20-APR-2025 10:25:32,BATCH_OMS,20-APR-2025 15:55:32,Y,N
512885331,88513116,BCPL/26/CHD/0034553,20-APR-2025,2,DIST-N-0187,DEP-CHD-07,SUV-DP-500G,3402,101.673,3.061,KG,99.00,68.06,83246.70,5501,2497.40,393.67,18.00,14464.01,94819.64,BATCH_OMS,20-APR-2025 10:25:32,BATCH_OMS,20-APR-2025 15:56:32,Y,N
512885335,88513116,BCPL/26/CHD/0034553,20-APR-2025,3,DIST-N-0187,DEP-CHD-07,SUV-DP-1KG,3402,7.088,39.138,KG,185.00,137.99,17137.53,5501,514.13,66.09,18.00,2980.32,19537.63,BATCH_OMS,20-APR-2025 10:25:32,BATCH_OMS,20-APR-2025 16:14:32,Y,N
512885338,88513117,BCPL/26/BLR/0034268,17-FEB-2026,1,DIST-S-0352,DEP-BLR-08,CHD-SP-4X100G,3401,76.364,32.479,EA,168.00,127.00,120503.57,,0.00,0.00,12.00,14460.43,134964.00,BATCH_OMS,17-FEB-2026 10:07:33,BATCH_OMS,17-FEB-2026 15:40:33,Y,N
512885339,88513120,BCPL/26/KOL/0034840,29-JUL-2025,1,DIST-E-0417,DEP-KOL-11,SUV-DB-250G,3402,19.189,0.001,EA,32.00,22.59,5201.78,,0.00,0.00,18.00,936.32,6138.10,BATCH_OMS,29-JUL-2025 09:43:22,BATCH_OMS,29-JUL-2025 15:25:22,Y,N
512885341,88513120,BCPL/26/KOL/0034840,29-JUL-2025,2,DIST-E-0417,DEP-KOL-11,CHD-SP-4X100G,3401,69.755,3.173,EA,168.00,115.82,97315.79,,0.00,0.00,18.00,17516.84,114832.63,BATCH_OMS,29-JUL-2025 09:43:22,BATCH_OMS,29-JUL-2025 15:32:22,Y,N
512885344,88513121,BCPL/26/JAI/0034497,17-NOV-2025,1,DIST-N-0187,DEP-JAI-05,KSG-HO-100ML,3305,87.044,28.056,LT,92.00,63.40,68001.83,5540,1700.05,376.78,18.00,11866.50,77791.50,BATCH_OMS,17-NOV-2025 05:25:52,BATCH_OMS,17-NOV-2025 11:14:52,Y,N
512885346,88513121,BCPL/26/JAI/0034497,17-NOV-2025,2,DIST-N-0187,DEP-JAI-05,KSG-HO-200ML,3305,13.961,6.851,LT,165.00,113.57,19804.68,,0.00,171.84,18.00,3533.91,23166.75,BATCH_OMS,17-NOV-2025 05:25:52,BATCH_OMS,17-NOV-2025 11:05:52,Y,N
512885350,88513124,BCPL/26/LKO/0034389,24-NOV-2025,1,DIST-N-0187,DEP-LKO-06,NMB-DW-500ML,3402,38.547,28.793,LT,129.00,94.56,46462.72,,0.00,151.85,18.00,8335.96,54646.83,BATCH_OMS,24-NOV-2025 12:25:45,BATCH_OMS,24-NOV-2025 18:01:45,Y,N
512885353,88513124,BCPL/26/LKO/0034389,24-NOV-2025,2,DIST-N-0187,DEP-LKO-06,CHD-SP-100G,3401,76.454,18.702,EA,45.00,34.89,32662.27,,0.00,0.00,12.00,3919.47,36581.74,BATCH_OMS,24-NOV-2025 12:25:45,BATCH_OMS,24-NOV-2025 18:08:45,Y,N
512885358,88513124,BCPL/26/LKO/0034389,24-NOV-2025,3,DIST-N-0187,DEP-LKO-06,KSG-HO-100ML,3305,92.706,44.555,LT,92.00,69.00,79834.86,5540,1995.87,273.21,18.00,13961.84,91527.62,BATCH_OMS,24-NOV-2025 12:25:45,BATCH_OMS,24-NOV-2025 18:07:45,Y,N
512885359,88513127,BCPL/26/CHD/0034558,13-NOV-2025,1,DIST-N-0142,DEP-CHD-07,NMB-DB-190G,3402,68.959,32.587,EA,22.00,17.73,15249.48,,0.00,0.00,18.00,2744.91,17994.39,BATCH_OMS,13-NOV-2025 04:07:26,BATCH_OMS,13-NOV-2025 09:39:26,Y,N
512885361,88513127,BCPL/26/CHD/0034558,13-NOV-2025,2,DIST-N-0142,DEP-CHD-07,CHD-SP-4X100G,3401,103.878,26.264,EA,168.00,127.48,162256.54,5514,6490.26,1021.82,12.00,18569.34,173313.80,BATCH_OMS,13-NOV-2025 04:07:26,BATCH_OMS,13-NOV-2025 09:42:26,Y,N
512885364,88513132,BCPL/26/KOL/0034854,28-JAN-2026,1,DIST-E-0409,DEP-KOL-11,TRG-TEA-1KG,0902,49.012,34.869,KG,540.00,369.73,230346.60,5522,8062.13,0.00,5.00,11114.22,233398.69,BATCH_OMS,28-JAN-2026 06:22:15,BATCH_OMS,28-JAN-2026 11:58:15,Y,N
512885365,88513135,BCPL/26/GUW/0034502,13-SEP-2025,1,DIST-E-0409,DEP-GUW-12,TRG-TEA-1KG,0902,87.824,40.363,KG,540.00,384.33,420553.49,,0.00,0.00,5.00,21027.67,441581.16,BATCH_OMS,13-SEP-2025 07:29:49,BATCH_OMS,13-SEP-2025 13:19:49,Y,N
512885370,88513135,BCPL/26/GUW/0034502,13-SEP-2025,2,DIST-E-0409,DEP-GUW-12,TRG-TEA-1KG,0902,30.952,39.765,KG,540.00,439.31,180639.44,,0.00,0.00,5.00,9031.97,189671.41,BATCH_OMS,13-SEP-2025 07:29:49,BATCH_OMS,13-SEP-2025 13:03:49,Y,N
512885375,88513135,BCPL/26/GUW/0034502,13-SEP-2025,3,DIST-E-0409,DEP-GUW-12,KSG-HO-200ML,3305,14.649,27.020,LT,165.00,114.28,23176.90,5540,579.42,0.00,18.00,4067.55,26665.03,BATCH_OMS,13-SEP-2025 07:29:49,BATCH_OMS,13-SEP-2025 13:12:49,Y,N
512885379,88513138,BCPL/26/AHM/0034361,12-MAR-2026,1,DIST-W-0233,DEP-AHM-03,NMB-DW-500ML,3402,118.175,35.526,LT,129.00,99.21,144214.24,,0.00,0.00,18.00,25958.56,170172.80,BATCH_OMS,12-MAR-2026 11:14:42,BATCH_OMS,12-MAR-2026 16:53:42,Y,N
512885381,88513139,BCPL/26/CHE/0034334,09-JUL-2025,1,DIST-S-0318,DEP-CHE-09,SUV-DB-250G,3402,18.210,34.694,EA,32.00,23.21,5877.10,,0.00,0.00,18.00,1057.88,6934.98,BATCH_OMS,09-JUL-2025 11:28:01,BATCH_OMS,09-JUL-2025 17:15:01,Y,N
512885383,88513139,BCPL/26/CHE/0034334,09-JUL-2025,2,DIST-S-0318,DEP-CHE-09,TRG-TEA-250G,0902,119.227,15.839,KG,145.00,104.66,151397.28,5522,5298.90,0.00,5.00,7304.92,153403.30,BATCH_OMS,09-JUL-2025 11:28:01,BATCH_OMS,09-JUL-2025 17:03:01,Y,N
512885386,88513142,BCPL/26/CHD/0034592,15-DEC-2025,1,DIST-N-0187,DEP-CHD-07,SUV-DP-1KG,3402,54.755,18.516,KG,185.00,126.69,85588.72,5501,2567.66,0.00,18.00,14943.79,97964.85,BATCH_OMS,15-DEC-2025 11:40:38,BATCH_OMS,15-DEC-2025 17:19:38,Y,N
512885387,88513148,BCPL/26/HYD/0034606,05-JUN-2025,1,DIST-S-0318,DEP-HYD-10,SUV-DP-1KG,3402,77.842,17.333,KG,185.00,126.56,120413.87,5501,3612.42,0.00,18.00,21024.26,137825.71,BATCH_OMS,05-JUN-2025 10:24:27,BATCH_OMS,05-JUN-2025 15:59:27,Y,N
512885388,88513154,BCPL/26/KOL/0034881,03-SEP-2025,1,DIST-E-0409,DEP-KOL-11,RKS-HW-200ML,3808,23.654,24.408,LT,99.00,75.44,23254.83,,0.00,111.13,18.00,4165.87,27309.57,SFA_IFACE,03-SEP-2025 08:21:38,BATCH_OMS,03-SEP-2025 13:55:38,Y,N
512885390,88513158,BCPL/26/MUM/0034532,25-JUL-2025,1,DIST-W-0241,DEP-MUM-01,SUV-DP-500G,3402,71.156,42.443,KG,99.00,69.38,62186.33,,0.00,0.00,18.00,11193.54,73379.87,BATCH_OMS,25-JUL-2025 10:30:07,SFA_IFACE,25-JUL-2025 16:16:07,Y,N
512885391,88513164,BCPL/26/GUW/0034545,22-MAY-2025,1,DIST-E-0409,DEP-GUW-12,NMB-DW-500ML,3402,25.412,5.972,LT,129.00,91.22,28361.76,,0.00,0.00,18.00,5105.12,33466.88,BATCH_OMS,22-MAY-2025 11:21:29,BATCH_OMS,22-MAY-2025 17:04:29,Y,N
512885394,88513164,BCPL/26/GUW/0034545,22-MAY-2025,2,DIST-E-0409,DEP-GUW-12,TRG-TEA-1KG ,0902,33.482,39.765,KG,540.00,439.07,193870.92,,0.00,0.00,5.00,9693.55,203564.47,BATCH_OMS,22-MAY-2025 11:21:29,BATCH_OMS,22-MAY-2025 17:01:29,Y,N
512885396,88513164,BCPL/26/GUW/0034545,22-MAY-2025,3,DIST-E-0409,DEP-GUW-12,KSG-HO-200ML,3305,84.653,34.486,LT,165.00,117.87,123801.45,,0.00,0.00,18.00,22284.26,146085.71,SFA_IFACE,22-MAY-2025 11:21:29,SFA_IFACE,22-MAY-2025 16:55:29,Y,N
512885398,88513165,BCPL/26/KOL/0034889,22-JAN-2026,1,DIST-E-0409,DEP-KOL-11,SUV-DP-1KG,3402,24.326,23.397,KG,185.00,127.39,40167.21,,0.00,0.00,18.00,7230.10,47397.31,SFA_IFACE,22-JAN-2026 07:53:37,SFA_IFACE,22-JAN-2026 13:33:37,Y,N
512885403,88513168,BCPL/26/MUM/0034553,04-SEP-2025,1,DIST-W-0241,DEP-MUM-01,KSG-HO-200ML,3305,114.159,24.978,LT,165.00,117.42,163787.51,,0.00,0.00,18.00,29481.75,193269.26,BATCH_OMS,04-SEP-2025 12:56:20,BATCH_OMS,04-SEP-2025 18:46:20,Y,N
512885406,88513168,BCPL/26/MUM/0034553,04-SEP-2025,2,DIST-W-0241,DEP-MUM-01,NMB-DB-190G,3402,48.846,28.045,EA,22.00,17.68,10859.00,,0.00,0.00,18.00,1954.62,12813.62,BATCH_OMS,04-SEP-2025 12:56:20,BATCH_OMS,04-SEP-2025 18:46:20,Y,N
512885410,88513168,BCPL/26/MUM/0034553,04-SEP-2025,3,DIST-W-0241,DEP-MUM-01,TRG-TEA-1KG,0902,4.169,35.334,KG,540.00,374.85,31997.95,,0.00,0.00,5.00,1599.90,33597.85,BATCH_OMS,04-SEP-2025 12:56:20,BATCH_OMS,04-SEP-2025 18:29:20,Y,Y
512885412,88513174,BCPL/26/DEL/0034294,12-MAR-2026,1,DIST-N-0142,DEP-DEL-04,RKS-HW-200ML,3808,85.280,3.839,LT,99.00,68.07,69921.44,,0.00,0.00,18.00,12585.86,82507.30,BATCH_OMS,12-MAR-2026 10:48:06,BATCH_OMS,12-MAR-2026 16:35:06,Y,N
512885416,88513174,BCPL/26/DEL/0034294,12-MAR-2026,2,DIST-N-0142,DEP-DEL-04,SUV-DB-250G,3402,110.558,41.303,EA,32.00,23.53,32189.02,5501,965.67,185.78,18.00,5586.76,36624.33,BATCH_OMS,12-MAR-2026 10:48:06,BATCH_OMS,12-MAR-2026 16:29:06,Y,N
512885419,88513178,BCPL/26/JAI/0034540,22-MAR-2026,1,DIST-N-0142,DEP-JAI-05,TRG-TEA-1KG,0902,32.680,12.057,KG,540.00,421.26,170280.45,5522,5959.82,0.00,5.00,8216.03,172536.66,SFA_IFACE,22-MAR-2026 06:54:44,SFA_IFACE,22-MAR-2026 12:36:44,Y,N
512885422,88513178,BCPL/26/JAI/0034540,22-MAR-2026,2,DIST-N-0142,DEP-JAI-05,TRG-TEA-250G,0902,107.364,15.550,KG,145.00,116.00,151254.49,,0.00,0.00,5.00,7562.72,158817.21,SFA_IFACE,22-MAR-2026 06:54:44,BATCH_OMS,22-MAR-2026 12:41:44,Y,N
512885423,88513178,BCPL/26/JAI/0034540,22-MAR-2026,3,DIST-N-0142,DEP-JAI-05,KSG-HO-200ML,3305,115.473,21.752,LT,165.00,115.54,162614.23,5540,4065.36,0.00,18.00,28538.80,187087.67,BATCH_OMS,22-MAR-2026 06:54:44,BATCH_OMS,22-MAR-2026 12:37:44,Y,N
512885424,88513180,BCPL/26/KOL/0034894,08-AUG-2025,1,DIST-E-0417,DEP-KOL-11,TRG-TEA-250G,0902,40.674,34.269,KG,145.00,104.48,54575.86,,0.00,0.00,5.00,2728.79,57304.65,BATCH_OMS,08-AUG-2025 11:06:39,BATCH_OMS,08-AUG-2025 16:50:39,Y,N
512885425,88513180,BCPL/26/KOL/0034894,08-AUG-2025,2,DIST-E-0417,DEP-KOL-11,SUV-DB-250G,3402,75.122,31.075,EA,32.00,22.75,21215.26,,0.00,129.48,18.00,3795.44,24881.22,BATCH_OMS,08-AUG-2025 11:06:39,BATCH_OMS,08-AUG-2025 16:51:39,Y,N
512885427,88513185,BCPL/26/GUW/0034580,01-APR-2025,1,DIST-E-0417,DEP-GUW-12,KSG-HO-200ML,3305,89.806,4.330,LT,165.00,133.53,144479.73,,0.00,0.00,18.00,26006.35,170486.08,SFA_IFACE,01-APR-2025 08:54:20,SFA_IFACE,01-APR-2025 14:28:20,Y,N
512885431,88513185,BCPL/26/GUW/0034580,01-APR-2025,2,DIST-E-0417,DEP-GUW-12,SUV-DP-1KG,3402,13.635,10.043,KG,185.00,149.69,25995.61,,0.00,0.00,18.00,4679.21,30674.82,SFA_IFACE,01-APR-2025 08:54:20,SFA_IFACE,01-APR-2025 14:34:20,Y,N
512885435,88513185,BCPL/26/GUW/0034580,01-APR-2025,3,DIST-E-0417,DEP-GUW-12,KSG-HO-200ML,3305,97.906,44.740,LT,165.00,130.94,159696.00,5540,3992.40,776.41,18.00,27886.89,182814.08,BATCH_OMS,01-APR-2025 08:54:20,BATCH_OMS,01-APR-2025 14:44:20,Y,N
512885439,88513189,BCPL/26/PUN/0034563,12-MAR-2026,1,DIST-W-0241,DEP-PUN-02,KSG-HO-200ML,3305,42.710,21.705,LT,165.00,119.70,63946.73,5540,1598.67,536.01,18.00,11126.17,72938.22,BATCH_OMS,12-MAR-2026 06:49:27,BATCH_OMS,12-MAR-2026 12:37:27,Y,N
512885443,88513189,BCPL/26/PUN/0034563,12-MAR-2026,2,DIST-W-0241,DEP-PUN-02,KSG-HO-200ML,3305,95.394,18.547,LT,165.00,130.94,152319.23,5540,3807.98,0.00,18.00,26732.03,175243.28,BATCH_OMS,12-MAR-2026 06:49:27,BATCH_OMS,12-MAR-2026 12:29:27,Y,N
512885444,88513190,BCPL/26/PUN/0034587,20-JUN-2025,1,DIST-W-0241,DEP-PUN-02,SUV-DP-500G,3402,84.504,22.077,KG,99.00,69.68,72197.19,5501,2165.92,0.00,18.00,12605.63,82636.90,SFA_IFACE,20-JUN-2025 08:13:16,SFA_IFACE,20-JUN-2025 13:55:16,Y,N
512885448,88513190,BCPL/26/PUN/0034587,20-JUN-2025,2,DIST-W-0241,DEP-PUN-02,SUV-DP-500G,3402,113.779,36.935,KG,99.00,77.87,109195.78,,0.00,0.00,18.00,19655.24,128851.02,BATCH_OMS,20-JUN-2025 08:13:16,BATCH_OMS,20-JUN-2025 14:03:16,Y,N
512885452,88513195,BCPL/26/PUN/0034592,10-APR-2025,1,DIST-W-0233,DEP-PUN-02,KSG-HO-200ML,3305,95.323,44.902,LT,165.00,112.99,134320.03,5540,3358.00,0.00,18.00,23573.17,154535.20,BATCH_OMS,10-APR-2025 04:08:49,BATCH_OMS,10-APR-2025 09:47:49,Y,N
512885456,88513199,BCPL/26/HYD/0034621,16-JUN-2025,1,DIST-S-0352,DEP-HYD-10,NMB-DB-190G,3402,58.559,26.603,EA,22.00,16.39,11953.41,5533,239.07,0.00,18.00,2108.58,13822.92,BATCH_OMS,16-JUN-2025 07:58:11,BATCH_OMS,16-JUN-2025 13:36:11,Y,N
512885459,88513204,BCPL/26/HYD/0034645,28-OCT-2025,1,DIST-S-0318,DEP-HYD-10,SUV-DP-500G,3402,94.304,20.458,KG,99.00,75.65,87156.82,,0.00,0.00,18.00,15688.23,102845.05,BATCH_OMS,28-OCT-2025 09:15:39,BATCH_OMS,28-OCT-2025 15:00:39,Y,N
512885464,88513204,BCPL/26/HYD/0034645,28-OCT-2025,2,DIST-S-0318,DEP-HYD-10,CHD-SP-100G,3401,1.078,6.725,EA,45.00,33.88,666.11,5514,26.64,0.00,12.00,76.74,716.21,BATCH_OMS,28-OCT-2025 09:15:39,BATCH_OMS,28-OCT-2025 15:03:39,Y,N
512885469,88513205,BCPL/26/JAI/0034564,17-AUG-2025,1,DIST-N-0142,DEP-JAI-05,SUV-DP-1KG,3402,109.488,45.464,KG,185.00,146.91,199697.70,,0.00,0.00,18.00,35945.59,235643.29,BATCH_OMS,17-AUG-2025 09:07:00,BATCH_OMS,17-AUG-2025 14:39:00,Y,N
512885473,88513205,BCPL/26/JAI/0034564,17-AUG-2025,2,DIST-N-0142,DEP-JAI-05,TRG-TEA-250G,0902,45.044,44.056,KG,145.00,115.49,67513.61,,0.00,0.00,5.00,3375.68,70889.29,BATCH_OMS,17-AUG-2025 09:07:00,BATCH_OMS,17-AUG-2025 14:51:00,Y,N
512885474,88513205,BCPL/26/JAI/0034564,17-AUG-2025,3,DIST-N-0142,DEP-JAI-05,KSG-HO-100ML,3305,13.116,5.083,LT,92.00,67.63,10988.18,,0.00,73.72,18.00,1964.60,12879.06,BATCH_OMS,17-AUG-2025 09:07:00,BATCH_OMS,17-AUG-2025 14:53:00,Y,N
512885477,88513208,BCPL/26/GUW/0034615,12-JUN-2025,1,DIST-E-0409,DEP-GUW-12,KSG-HO-100ML,3305,7.801,39.127,LT,92.00,74.67,9911.62,,0.00,87.49,18.00,1768.34,11592.47,BATCH_OMS,12-JUN-2025 13:21:18,BATCH_OMS,12-JUN-2025 18:52:18,Y,N
512885478,88513208,BCPL/26/GUW/0034615,12-JUN-2025,2,DIST-E-0409,DEP-GUW-12,CHD-SP-4X100G,3401,54.363,36.917,EA,168.00,127.92,88171.80,,0.00,0.00,18.00,15870.92,104042.72,BATCH_OMS,12-JUN-2025 13:21:18,BATCH_OMS,12-JUN-2025 19:11:18,Y,N
512885480,88513213,BCPL/26/MUM/0034559,12-APR-2025,1,DIST-W-0233,DEP-MUM-01,CHD-SP-100G,3401,100.507,11.325,EA,45.00,31.83,38750.13,5514,1550.01,0.00,18.00,6696.02,43896.14,BATCH_OMS,12-APR-2025 10:46:13,BATCH_OMS,12-APR-2025 16:24:13,Y,N
512885485,88513218,BCPL/26/MUM/0034589,16-APR-2025,1,DIST-W-0233,DEP-MUM-01,TRG-TEA-250G,0902,97.374,39.898,KG,145.00,99.99,120826.52,5522,4228.93,0.00,5.00,5829.88,122427.47,BATCH_OMS,16-APR-2025 13:04:36,BATCH_OMS,16-APR-2025 18:41:36,Y,N
512885486,88513221,BCPL/26/KOL/0034926,09-SEP-2025,1,DIST-E-0417,DEP-KOL-11,KSG-HO-200ML,3305,110.844,16.031,LT,165.00,118.65,159721.77,5540,3993.04,0.00,18.00,28031.17,183759.90,BATCH_OMS,09-SEP-2025 11:10:32,BATCH_OMS,09-SEP-2025 16:49:32,Y,N
512885491,88513226,BCPL/26/GUW/0034626,27-SEP-2025,1,DIST-E-0417,DEP-GUW-12,NMB-DB-190G,3402,88.893,35.337,EA,22.00,15.40,16971.62,,0.00,0.00,18.00,3054.89,20026.51,BATCH_OMS,27-SEP-2025 07:26:16,BATCH_OMS,27-SEP-2025 13:06:16,Y,N
512885495,88513226,BCPL/26/GUW/0034626,27-SEP-2025,2,DIST-E-0417,DEP-GUW-12,TRG-TEA-1KG,0902,5.204,46.877,KG,540.00,428.77,46875.28,,0.00,0.00,5.00,2343.76,49219.04,BATCH_OMS,27-SEP-2025 07:26:16,BATCH_OMS,27-SEP-2025 13:16:16,Y,N
512885500,88513229,BCPL/26/GUW/0034661,14-JUL-2025,1,DIST-E-0417,DEP-GUW-12,KSG-HO-100ML,3305,75.984,22.256,LT,92.00,70.71,66047.67,,0.00,0.00,18.00,11888.58,77936.25,SFA_IFACE,14-JUL-2025 10:04:50,SFA_IFACE,14-JUL-2025 15:46:50,Y,N
512885504,88513229,BCPL/26/GUW/0034661,14-JUL-2025,2,DIST-E-0417,DEP-GUW-12,NMB-DW-500ML,3402,82.361,19.386,LT,129.00,102.69,103482.56,,0.00,0.00,18.00,18626.86,122109.42,BATCH_OMS,14-JUL-2025 10:04:50,BATCH_OMS,14-JUL-2025 15:48:50,Y,N
512885509,88513229,BCPL/26/GUW/0034661,14-JUL-2025,3,DIST-E-0417,DEP-GUW-12,NMB-DW-500ML,3402,82.053,31.607,LT,129.00,91.79,93280.94,,0.00,0.00,18.00,16790.57,110071.51,BATCH_OMS,14-JUL-2025 10:04:50,BATCH_OMS,14-JUL-2025 15:43:50,Y,N
512885514,88513234,BCPL/26/HYD/0034667,30-OCT-2025,1,DIST-S-0318,DEP-HYD-10,TRG-TEA-250G,0902,10.945,24.510,KG,145.00,101.26,15781.37,,0.00,0.00,5.00,789.07,16570.44,BATCH_OMS,30-OCT-2025 09:45:19,SFA_IFACE,30-OCT-2025 15:27:19,Y,N
512885517,88513234,BCPL/26/HYD/0034667,30-OCT-2025,2,DIST-S-0318,DEP-HYD-10,SUV-DP-1KG,3402,18.400,7.248,KG,185.00,141.11,32179.85,,0.00,0.00,18.00,5792.37,37972.22,BATCH_OMS,30-OCT-2025 09:45:19,BATCH_OMS,30-OCT-2025 15:27:19,Y,N
512885519,88513235,BCPL/26/DEL/0034309,09-DEC-2025,1,DIST-N-0142,DEP-DEL-04,SUV-DB-250G,3402,28.952,11.822,EA,32.00,25.99,9336.80,,0.00,0.00,18.00,1680.62,11017.42,SFA_IFACE,09-DEC-2025 14:09:25,SFA_IFACE,09-DEC-2025 19:39:25,Y,N
512885522,88513241,BCPL/26/KOL/0034959,15-NOV-2025,1,DIST-E-0409,DEP-KOL-11,CHD-SP-4X100G,3401,23.107,4.512,EA,168.00,132.04,37208.34,,0.00,0.00,12.00,4465.00,41673.34,BATCH_OMS,15-NOV-2025 09:16:47,BATCH_OMS,15-NOV-2025 15:03:47,Y,Y
512885523,88513241,BCPL/26/KOL/0034959,15-NOV-2025,2,DIST-E-0409,DEP-KOL-11,SUV-DP-500G,3402,90.096,33.244,KG,99.00,73.83,82275.86,5501,2468.28,0.00,18.00,14365.36,94172.94,SFA_IFACE,15-NOV-2025 09:16:47,SFA_IFACE,15-NOV-2025 14:53:47,Y,N
512885526,88513241,BCPL/26/KOL/0034959,15-NOV-2025,3,DIST-E-0409,DEP-KOL-11,CHD-SP-100G,3401,29.926,3.070,EA,45.00,31.09,11260.24,5514,450.41,0.00,12.00,1297.18,12107.01,BATCH_OMS,15-NOV-2025 09:16:47,BATCH_OMS,15-NOV-2025 15:05:47,Y,Y
512885530,88513243,BCPL/26/BLR/0034282,25-JAN-2026,1,DIST-S-0352,DEP-BLR-08,CHD-SP-100G,3401,37.316,7.121,EA,45.00,31.91,14516.27,5514,580.65,0.00,12.00,1672.27,15607.89,BATCH_OMS,25-JAN-2026 04:42:02,BATCH_OMS,25-JAN-2026 10:15:02,Y,N
512885534,88513243,BCPL/26/BLR/0034282,25-JAN-2026,2,DIST-S-0352,DEP-BLR-08,NMB-DW-500ML,3402,3.885,47.924,LT,129.00,100.94,9543.27,,0.00,0.00,18.00,1717.79,11261.06,BATCH_OMS,25-JAN-2026 04:42:02,BATCH_OMS,25-JAN-2026 10:15:02,Y,N
512885538,88513246,BCPL/26/AHM/0034373,02-MAR-2026,1,DIST-W-0241,DEP-AHM-03,RKS-HW-200ML,3808,94.722,13.175,LT,99.00,74.28,85410.04,,0.00,0.00,18.00,15373.81,100783.85,BATCH_OMS,02-MAR-2026 07:22:45,BATCH_OMS,02-MAR-2026 12:59:45,Y,N
512885539,88513250,BCPL/26/CHE/0034353,26-APR-2025,1,DIST-S-0352,DEP-CHE-09,NMB-DW-500ML,3402,34.185,8.453,LT,129.00,98.80,41364.89,5533,827.30,0.00,18.00,7296.77,47834.36,SFA_IFACE,26-APR-2025 12:31:41,SFA_IFACE,26-APR-2025 18:17:41,Y,Y
512885542,88513250,BCPL/26/CHE/0034353,26-APR-2025,2,DIST-S-0352,DEP-CHE-09,CHD-SP-4X100G,3401,79.285,29.937,EA,168.00,136.61,134063.18,5514,5362.53,0.00,18.00,23166.12,151866.77,BATCH_OMS,26-APR-2025 12:31:41,BATCH_OMS,26-APR-2025 18:14:41,Y,N
512885546,88513256,BCPL/26/HYD/0034673,18-JUN-2025,1,DIST-S-0352,DEP-HYD-10,KSG-HO-100ML,3305,31.339,7.924,LT,92.00,70.79,27182.79,5540,679.57,0.00,18.00,4770.58,31273.80,BATCH_OMS,18-JUN-2025 08:03:46,BATCH_OMS,18-JUN-2025 13:46:46,Y,N
512885549,88513260,BCPL/26/LKO/0034392,29-JUL-2025,1,DIST-N-0142,DEP-LKO-06,KSG-HO-100ML,3305,41.868,29.842,LT,92.00,64.81,34495.64,,0.00,328.96,18.00,6150.00,40316.68,BATCH_OMS,29-JUL-2025 07:00:10,BATCH_OMS,29-JUL-2025 12:43:10,Y,N
512885553,88513265,BCPL/26/GUW/0034699,13-JUN-2025,1,DIST-E-0409,DEP-GUW-12,NMB-DB-190G,3402,109.766,8.881,EA,22.00,16.42,21774.12,,0.00,0.00,18.00,3919.34,25693.46,SFA_IFACE,13-JUN-2025 11:57:34,SFA_IFACE,13-JUN-2025 17:30:34,Y,N
512885556,88513268,BCPL/26/JAI/0034594,27-JAN-2026,1,DIST-N-0142,DEP-JAI-05,NMB-DW-500ML,3402,17.396,33.639,LT,129.00,101.46,24592.99,,0.00,0.00,18.00,4426.74,29019.73,SFA_IFACE,27-JAN-2026 09:00:13,SFA_IFACE,27-JAN-2026 14:45:13,Y,N
512885561,88513268,BCPL/26/JAI/0034594,27-JAN-2026,2,DIST-N-0142,DEP-JAI-05,CHD-SP-4X100G,3401,79.827,30.424,EA,168.00,127.23,125747.52,,0.00,0.00,12.00,15089.70,140837.22,BATCH_OMS,27-JAN-2026 09:00:13,BATCH_OMS,27-JAN-2026 14:41:13,Y,N
512885565,88513269,BCPL/26/BLR/0034286,06-DEC-2025,1,DIST-S-0318,DEP-BLR-08,RKS-HW-200ML,3808,34.940,14.613,LT,99.00,75.68,32837.02,,0.00,0.00,18.00,5910.66,38747.68,BATCH_OMS,06-DEC-2025 09:36:18,BATCH_OMS,06-DEC-2025 15:23:18,Y,N
512885566,88513273,BCPL/26/DEL/0034315,26-OCT-2025,1,DIST-N-0142,DEP-DEL-04,NMB-DB-190G,3402,45.003,46.673,EA,22.00,16.40,9622.03,,0.00,79.19,18.00,1717.71,11260.55,BATCH_OMS,26-OCT-2025 14:13:02,BATCH_OMS,26-OCT-2025 20:01:02,Y,N
512885570,88513273,BCPL/26/DEL/0034315,26-OCT-2025,2,DIST-N-0142,DEP-DEL-04,NMB-DW-500ML,3402,94.626,14.958,LT,129.00,99.74,114747.88,,0.00,0.00,18.00,20654.62,135402.50,BATCH_OMS,26-OCT-2025 14:13:02,BATCH_OMS,26-OCT-2025 19:57:02,Y,N
512885574,88513277,BCPL/26/MUM/0034603,27-FEB-2026,1,DIST-W-0233,DEP-MUM-01,NMB-DW-500ML,3402,19.177,36.107,LT,129.00,91.91,24469.29,,0.00,0.00,18.00,4404.47,28873.76,BATCH_OMS,27-FEB-2026 06:20:22,BATCH_OMS,27-FEB-2026 11:51:22,Y,N
512885577,88513277,BCPL/26/MUM/0034603,27-FEB-2026,2,DIST-W-0233,DEP-MUM-01,KSG-HO-200ML,3305,57.207,29.880,LT,165.00,128.84,92296.34,,0.00,0.00,18.00,16613.34,108909.68,BATCH_OMS,27-FEB-2026 06:20:22,BATCH_OMS,27-FEB-2026 12:02:22,Y,N
512885579,88513283,BCPL/26/JAI/0034612,07-JAN-2026,1,DIST-N-0142,DEP-JAI-05,TRG-TEA-1KG,0902,91.798,36.805,KG,540.00,409.41,466064.57,,0.00,974.84,5.00,23254.49,488344.22,BATCH_OMS,07-JAN-2026 12:25:53,BATCH_OMS,07-JAN-2026 18:11:53,Y,N
512884664,88512675,BCPL/26/KOL/0034272,21-OCT-2025,1,DIST-E-0409,DEP-KOL-11,SUV-DP-1KG,3402,119.677,36.632,KG,185.00,127.76,188159.31,,0.00,1418.74,18.00,33613.30,220353.87,BATCH_OMS,21-OCT-2025 03:57:07,BATCH_OMS,21-OCT-2025 09:31:07,Y,N
# SYNTHETIC — generated for internal demo. No real entity depicted.
